-- MySQL Script generated by MySQL Workbench
-- Thu Nov 25 10:41:07 2021
-- Model: New Model    Version: 1.0
-- MySQL Workbench Forward Engineering

SET @OLD_UNIQUE_CHECKS=@@UNIQUE_CHECKS, UNIQUE_CHECKS=0;
SET @OLD_FOREIGN_KEY_CHECKS=@@FOREIGN_KEY_CHECKS, FOREIGN_KEY_CHECKS=0;
SET @OLD_SQL_MODE=@@SQL_MODE, SQL_MODE='ONLY_FULL_GROUP_BY,STRICT_TRANS_TABLES,NO_ZERO_IN_DATE,NO_ZERO_DATE,ERROR_FOR_DIVISION_BY_ZERO,NO_ENGINE_SUBSTITUTION';

-- -----------------------------------------------------
-- Schema csc4402db
-- -----------------------------------------------------

-- -----------------------------------------------------
-- Schema csc4402db
-- -----------------------------------------------------
CREATE SCHEMA IF NOT EXISTS `csc4402db` DEFAULT CHARACTER SET utf8 ;
USE `csc4402db` ;

-- -----------------------------------------------------
-- Table `csc4402db`.`teachers`
-- -----------------------------------------------------
CREATE TABLE IF NOT EXISTS `csc4402db`.`teachers` (
  `tid` INT NOT NULL,
  `fname` VARCHAR(45) NULL,
  `lname` VARCHAR(45) NULL,
  `subject` VARCHAR(45) NULL,
  `salary` DECIMAL(10,2) NULL,
  PRIMARY KEY (`tid`))
ENGINE = InnoDB;


-- -----------------------------------------------------
-- Table `csc4402db`.`clubs`
-- -----------------------------------------------------
CREATE TABLE IF NOT EXISTS `csc4402db`.`clubs` (
  `name` VARCHAR(45) NOT NULL,
  `sponsor` INT NOT NULL,
  `room_number` INT NULL,
  `budget` DECIMAL(7,2) NULL,
  PRIMARY KEY (`name`),
  INDEX `sponsor_idx` (`sponsor` ASC) VISIBLE,
  CONSTRAINT `sponsor`
    FOREIGN KEY (`sponsor`)
    REFERENCES `csc4402db`.`teachers` (`tid`)
    ON DELETE NO ACTION
    ON UPDATE NO ACTION)
ENGINE = InnoDB;


-- -----------------------------------------------------
-- Table `csc4402db`.`students`
-- -----------------------------------------------------
CREATE TABLE IF NOT EXISTS `csc4402db`.`students` (
  `sid` INT NOT NULL,
  `fname` VARCHAR(45) NULL,
  `lname` VARCHAR(45) NULL,
  `sex` VARCHAR(1) NOT NULL,
  `year` INT NULL,
  `GPA` DECIMAL(3,2) NULL,
  `club` VARCHAR(45) NULL,
  `role` VARCHAR(45) NULL,
  PRIMARY KEY (`sid`),
  INDEX `club_idx` (`club` ASC) VISIBLE,
  CONSTRAINT `club`
    FOREIGN KEY (`club`)
    REFERENCES `csc4402db`.`clubs` (`name`)
    ON DELETE NO ACTION
    ON UPDATE NO ACTION)
ENGINE = InnoDB;


-- -----------------------------------------------------
-- Table `csc4402db`.`sports`
-- -----------------------------------------------------
CREATE TABLE IF NOT EXISTS `csc4402db`.`sports` (
  `sport` VARCHAR(45) NOT NULL,
  `sex` VARCHAR(45) NOT NULL,
  `budget` DECIMAL(8,2) NULL,
  `head_coach` INT NOT NULL,
  PRIMARY KEY (`sport`, `sex`),
  INDEX `head_coach_idx` (`head_coach` ASC) VISIBLE,
  CONSTRAINT `head_coach`
    FOREIGN KEY (`head_coach`)
    REFERENCES `csc4402db`.`teachers` (`tid`)
    ON DELETE NO ACTION
    ON UPDATE NO ACTION)
ENGINE = InnoDB;


-- -----------------------------------------------------
-- Table `csc4402db`.`players`
-- -----------------------------------------------------
CREATE TABLE IF NOT EXISTS `csc4402db`.`players` (
  `sid` INT NOT NULL,
  `sport` VARCHAR(45) NOT NULL,
  `sex` VARCHAR(45) NOT NULL,
  PRIMARY KEY (`sid`, `sport`, `sex`),
  INDEX `sport_idx` (`sport` ASC, `sex` ASC) VISIBLE,
  CONSTRAINT `sid`
    FOREIGN KEY (`sid`)
    REFERENCES `csc4402db`.`students` (`sid`)
    ON DELETE NO ACTION
    ON UPDATE NO ACTION,
  CONSTRAINT `sport`
    FOREIGN KEY (`sport` , `sex`)
    REFERENCES `csc4402db`.`sports` (`sport` , `sex`)
    ON DELETE NO ACTION
    ON UPDATE NO ACTION)
ENGINE = InnoDB;


SET SQL_MODE=@OLD_SQL_MODE;
SET FOREIGN_KEY_CHECKS=@OLD_FOREIGN_KEY_CHECKS;
SET UNIQUE_CHECKS=@OLD_UNIQUE_CHECKS;

-- -----------------------------------------------------
-- Data for table `csc4402db`.`teachers`
-- -----------------------------------------------------
START TRANSACTION;
USE `csc4402db`;
INSERT INTO `csc4402db`.`teachers` (`tid`, `fname`, `lname`, `subject`, `salary`) VALUES (1001, 'John', 'Smith', 'Art', 87225.73);
INSERT INTO `csc4402db`.`teachers` (`tid`, `fname`, `lname`, `subject`, `salary`) VALUES (1002, 'Beth', 'Johnson', 'Geography', 53146.61);
INSERT INTO `csc4402db`.`teachers` (`tid`, `fname`, `lname`, `subject`, `salary`) VALUES (1003, 'Mike', 'Williams', 'Art', 84750.17);
INSERT INTO `csc4402db`.`teachers` (`tid`, `fname`, `lname`, `subject`, `salary`) VALUES (1004, 'John', 'Brown', 'English', 44048.76);
INSERT INTO `csc4402db`.`teachers` (`tid`, `fname`, `lname`, `subject`, `salary`) VALUES (1005, 'Karen', 'Jones', 'Dance', 36395.73);
INSERT INTO `csc4402db`.`teachers` (`tid`, `fname`, `lname`, `subject`, `salary`) VALUES (1006, 'Nick', 'Miller', 'Spanish', 90220.46);
INSERT INTO `csc4402db`.`teachers` (`tid`, `fname`, `lname`, `subject`, `salary`) VALUES (1007, 'Rachel', 'Davis', 'Chemistry', 83319.54);
INSERT INTO `csc4402db`.`teachers` (`tid`, `fname`, `lname`, `subject`, `salary`) VALUES (1008, 'James', 'Garcia', 'Art', 90186.64);
INSERT INTO `csc4402db`.`teachers` (`tid`, `fname`, `lname`, `subject`, `salary`) VALUES (1009, 'Todd', 'Rodriguez', 'PE', 66760.7);
INSERT INTO `csc4402db`.`teachers` (`tid`, `fname`, `lname`, `subject`, `salary`) VALUES (1010, 'Tracy', 'Wilson', 'Art', 59474.79);
INSERT INTO `csc4402db`.`teachers` (`tid`, `fname`, `lname`, `subject`, `salary`) VALUES (1011, 'Todd', 'Martinez', 'Speech', 67127);
INSERT INTO `csc4402db`.`teachers` (`tid`, `fname`, `lname`, `subject`, `salary`) VALUES (1012, 'Robert', 'Anderson', 'French', 47116.06);
INSERT INTO `csc4402db`.`teachers` (`tid`, `fname`, `lname`, `subject`, `salary`) VALUES (1013, 'Michelle', 'Taylor', 'Algebra', 63570.75);
INSERT INTO `csc4402db`.`teachers` (`tid`, `fname`, `lname`, `subject`, `salary`) VALUES (1014, 'Nicole', 'Thomas', 'Calculus', 83979.25);
INSERT INTO `csc4402db`.`teachers` (`tid`, `fname`, `lname`, `subject`, `salary`) VALUES (1015, 'Ross', 'Hernandez', 'Chemistry', 38441.96);
INSERT INTO `csc4402db`.`teachers` (`tid`, `fname`, `lname`, `subject`, `salary`) VALUES (1016, 'Martha', 'Moore', 'History', 70556.27);
INSERT INTO `csc4402db`.`teachers` (`tid`, `fname`, `lname`, `subject`, `salary`) VALUES (1017, 'Richard', 'Martin', 'Psychology', 31180.52);
INSERT INTO `csc4402db`.`teachers` (`tid`, `fname`, `lname`, `subject`, `salary`) VALUES (1018, 'Anthony', 'Jackson', 'Nutrition', 94638.49);
INSERT INTO `csc4402db`.`teachers` (`tid`, `fname`, `lname`, `subject`, `salary`) VALUES (1019, 'James', 'Thompson', 'Chemistry', 73320.89);
INSERT INTO `csc4402db`.`teachers` (`tid`, `fname`, `lname`, `subject`, `salary`) VALUES (1020, 'Jordan', 'White', 'Health', 66448.29);
INSERT INTO `csc4402db`.`teachers` (`tid`, `fname`, `lname`, `subject`, `salary`) VALUES (1021, 'Sandra', 'Lopez', 'Algebra', 44799.36);
INSERT INTO `csc4402db`.`teachers` (`tid`, `fname`, `lname`, `subject`, `salary`) VALUES (1022, 'Lisa', 'Lee', 'English', 40650.89);
INSERT INTO `csc4402db`.`teachers` (`tid`, `fname`, `lname`, `subject`, `salary`) VALUES (1023, 'Elizabeth', 'Gonzalez', 'Spanish', 67206.26);
INSERT INTO `csc4402db`.`teachers` (`tid`, `fname`, `lname`, `subject`, `salary`) VALUES (1024, 'Anthony', 'Harris', 'Art', 82575.72);
INSERT INTO `csc4402db`.`teachers` (`tid`, `fname`, `lname`, `subject`, `salary`) VALUES (1025, 'Lilly', 'Clark', 'Geography', 49191.66);
INSERT INTO `csc4402db`.`teachers` (`tid`, `fname`, `lname`, `subject`, `salary`) VALUES (1026, 'Anthony', 'Lewis', 'German', 96210.17);
INSERT INTO `csc4402db`.`teachers` (`tid`, `fname`, `lname`, `subject`, `salary`) VALUES (1027, 'Karen', 'Robinson', 'German', 87657.11);
INSERT INTO `csc4402db`.`teachers` (`tid`, `fname`, `lname`, `subject`, `salary`) VALUES (1028, 'Sharon', 'Walker', 'Choir', 34410.46);
INSERT INTO `csc4402db`.`teachers` (`tid`, `fname`, `lname`, `subject`, `salary`) VALUES (1029, 'Bryce', 'Perez', 'Speech', 67207.98);
INSERT INTO `csc4402db`.`teachers` (`tid`, `fname`, `lname`, `subject`, `salary`) VALUES (1030, 'Clare', 'Hall', 'English', 87829.71);
INSERT INTO `csc4402db`.`teachers` (`tid`, `fname`, `lname`, `subject`, `salary`) VALUES (1031, 'Laura', 'Young', 'Physics', 42558.36);
INSERT INTO `csc4402db`.`teachers` (`tid`, `fname`, `lname`, `subject`, `salary`) VALUES (1032, 'Michelle', 'Allen', 'Algebra', 81207.55);
INSERT INTO `csc4402db`.`teachers` (`tid`, `fname`, `lname`, `subject`, `salary`) VALUES (1033, 'Emma', 'Sanchez', 'Music', 75497.86);
INSERT INTO `csc4402db`.`teachers` (`tid`, `fname`, `lname`, `subject`, `salary`) VALUES (1034, 'Josh', 'Wright', 'Nutrition', 89434.49);
INSERT INTO `csc4402db`.`teachers` (`tid`, `fname`, `lname`, `subject`, `salary`) VALUES (1035, 'Deborah', 'King', 'Psychology', 87497.37);
INSERT INTO `csc4402db`.`teachers` (`tid`, `fname`, `lname`, `subject`, `salary`) VALUES (1036, 'Clare', 'Scott', 'Algebra', 49832.49);
INSERT INTO `csc4402db`.`teachers` (`tid`, `fname`, `lname`, `subject`, `salary`) VALUES (1037, 'Todd', 'Green', 'Physics', 77312.6);
INSERT INTO `csc4402db`.`teachers` (`tid`, `fname`, `lname`, `subject`, `salary`) VALUES (1038, 'Tracy', 'Baker', 'Psychology', 66100.98);
INSERT INTO `csc4402db`.`teachers` (`tid`, `fname`, `lname`, `subject`, `salary`) VALUES (1039, 'Lisa', 'Adams', 'Physics', 32032.54);
INSERT INTO `csc4402db`.`teachers` (`tid`, `fname`, `lname`, `subject`, `salary`) VALUES (1040, 'Carol', 'Nelson', 'Music', 98604.53);
INSERT INTO `csc4402db`.`teachers` (`tid`, `fname`, `lname`, `subject`, `salary`) VALUES (1041, 'Carol', 'Hill', 'Music', 79303.96);
INSERT INTO `csc4402db`.`teachers` (`tid`, `fname`, `lname`, `subject`, `salary`) VALUES (1042, 'Anthony', 'Ramirez', 'Statistics', 43965.91);
INSERT INTO `csc4402db`.`teachers` (`tid`, `fname`, `lname`, `subject`, `salary`) VALUES (1043, 'Elizabeth', 'Campbell', 'PE', 94426.22);
INSERT INTO `csc4402db`.`teachers` (`tid`, `fname`, `lname`, `subject`, `salary`) VALUES (1044, 'Kirsten', 'Mitchell', 'German', 34234.64);
INSERT INTO `csc4402db`.`teachers` (`tid`, `fname`, `lname`, `subject`, `salary`) VALUES (1045, 'Lisa', 'Roberts', 'Music', 56045.93);
INSERT INTO `csc4402db`.`teachers` (`tid`, `fname`, `lname`, `subject`, `salary`) VALUES (1046, 'James', 'Carter', 'Physics', 38945.32);
INSERT INTO `csc4402db`.`teachers` (`tid`, `fname`, `lname`, `subject`, `salary`) VALUES (1047, 'Ruth', 'Phillips', 'French', 90550.62);
INSERT INTO `csc4402db`.`teachers` (`tid`, `fname`, `lname`, `subject`, `salary`) VALUES (1048, 'Mark', 'Evans', 'Statistics', 47011.01);
INSERT INTO `csc4402db`.`teachers` (`tid`, `fname`, `lname`, `subject`, `salary`) VALUES (1049, 'Richard', 'Turner', 'English', 50647.74);
INSERT INTO `csc4402db`.`teachers` (`tid`, `fname`, `lname`, `subject`, `salary`) VALUES (1050, 'Sandra', 'Torres', 'Nutrition', 64414.96);
INSERT INTO `csc4402db`.`teachers` (`tid`, `fname`, `lname`, `subject`, `salary`) VALUES (1051, 'Abby', 'Parker', 'Dance', 50670.24);
INSERT INTO `csc4402db`.`teachers` (`tid`, `fname`, `lname`, `subject`, `salary`) VALUES (1052, 'Josh', 'Collins', 'Calculus', 53762.42);
INSERT INTO `csc4402db`.`teachers` (`tid`, `fname`, `lname`, `subject`, `salary`) VALUES (1053, 'Laura', 'Edwards', 'English', 41610.78);
INSERT INTO `csc4402db`.`teachers` (`tid`, `fname`, `lname`, `subject`, `salary`) VALUES (1054, 'Elizabeth', 'Stewart', 'Dance', 35032.83);
INSERT INTO `csc4402db`.`teachers` (`tid`, `fname`, `lname`, `subject`, `salary`) VALUES (1055, 'Deborah', 'Flores', 'Dance', 82064.79);
INSERT INTO `csc4402db`.`teachers` (`tid`, `fname`, `lname`, `subject`, `salary`) VALUES (1056, 'Beth', 'Morris', 'Music', 89851.78);
INSERT INTO `csc4402db`.`teachers` (`tid`, `fname`, `lname`, `subject`, `salary`) VALUES (1057, 'James', 'Nguyen', 'English', 79969.52);
INSERT INTO `csc4402db`.`teachers` (`tid`, `fname`, `lname`, `subject`, `salary`) VALUES (1058, 'Sharon', 'Murphy', 'English', 38947.22);
INSERT INTO `csc4402db`.`teachers` (`tid`, `fname`, `lname`, `subject`, `salary`) VALUES (1059, 'Ross', 'Rivera', 'Nutrition', 98256.73);
INSERT INTO `csc4402db`.`teachers` (`tid`, `fname`, `lname`, `subject`, `salary`) VALUES (1060, 'Ross', 'Cook', 'Algebra', 50426.82);
INSERT INTO `csc4402db`.`teachers` (`tid`, `fname`, `lname`, `subject`, `salary`) VALUES (1061, 'Clare', 'Rogers', 'Physics', 57086.59);
INSERT INTO `csc4402db`.`teachers` (`tid`, `fname`, `lname`, `subject`, `salary`) VALUES (1062, 'Helen', 'Morgan', 'Geography', 54374.33);
INSERT INTO `csc4402db`.`teachers` (`tid`, `fname`, `lname`, `subject`, `salary`) VALUES (1063, 'Karen', 'Peterson', 'English', 50152.37);
INSERT INTO `csc4402db`.`teachers` (`tid`, `fname`, `lname`, `subject`, `salary`) VALUES (1064, 'Mike', 'Cooper', 'Nutrition', 35649.29);
INSERT INTO `csc4402db`.`teachers` (`tid`, `fname`, `lname`, `subject`, `salary`) VALUES (1065, 'Bryce', 'Reed', 'Psychology', 57526.1);
INSERT INTO `csc4402db`.`teachers` (`tid`, `fname`, `lname`, `subject`, `salary`) VALUES (1066, 'Josh', 'Bailey', 'Psychology', 94534.81);
INSERT INTO `csc4402db`.`teachers` (`tid`, `fname`, `lname`, `subject`, `salary`) VALUES (1067, 'Elizabeth', 'Bell', 'English', 49302.9);
INSERT INTO `csc4402db`.`teachers` (`tid`, `fname`, `lname`, `subject`, `salary`) VALUES (1068, 'Bryce', 'Gomez', 'Music', 79282.72);
INSERT INTO `csc4402db`.`teachers` (`tid`, `fname`, `lname`, `subject`, `salary`) VALUES (1069, 'Anthony', 'Kelly', 'PE', 94317.28);
INSERT INTO `csc4402db`.`teachers` (`tid`, `fname`, `lname`, `subject`, `salary`) VALUES (1070, 'Karen', 'Howard', 'Geography', 62485.55);
INSERT INTO `csc4402db`.`teachers` (`tid`, `fname`, `lname`, `subject`, `salary`) VALUES (1071, 'Emma', 'Ward', 'Spanish', 48893.68);
INSERT INTO `csc4402db`.`teachers` (`tid`, `fname`, `lname`, `subject`, `salary`) VALUES (1072, 'Deborah', 'Cox', 'English', 43009.97);
INSERT INTO `csc4402db`.`teachers` (`tid`, `fname`, `lname`, `subject`, `salary`) VALUES (1073, 'Ashley', 'Diaz', 'English', 76742.75);
INSERT INTO `csc4402db`.`teachers` (`tid`, `fname`, `lname`, `subject`, `salary`) VALUES (1074, 'Karen', 'Richardson', 'French', 52263.73);
INSERT INTO `csc4402db`.`teachers` (`tid`, `fname`, `lname`, `subject`, `salary`) VALUES (1075, 'Helen', 'Wood', 'German', 65277.18);
INSERT INTO `csc4402db`.`teachers` (`tid`, `fname`, `lname`, `subject`, `salary`) VALUES (1076, 'Bryce', 'Watson', 'Geography', 83492.35);
INSERT INTO `csc4402db`.`teachers` (`tid`, `fname`, `lname`, `subject`, `salary`) VALUES (1077, 'James', 'Brooks', 'Music', 90769.35);
INSERT INTO `csc4402db`.`teachers` (`tid`, `fname`, `lname`, `subject`, `salary`) VALUES (1078, 'Deborah', 'Bennett', 'English', 40634.68);
INSERT INTO `csc4402db`.`teachers` (`tid`, `fname`, `lname`, `subject`, `salary`) VALUES (1079, 'Michelle', 'Gray', 'Health', 72288.35);
INSERT INTO `csc4402db`.`teachers` (`tid`, `fname`, `lname`, `subject`, `salary`) VALUES (1080, 'Catherine', 'James', 'Physics', 96338.28);
INSERT INTO `csc4402db`.`teachers` (`tid`, `fname`, `lname`, `subject`, `salary`) VALUES (1081, 'Bryce', 'Reyes', 'Geography', 37994);
INSERT INTO `csc4402db`.`teachers` (`tid`, `fname`, `lname`, `subject`, `salary`) VALUES (1082, 'Ashley', 'Cruz', 'Psychology', 84266.79);
INSERT INTO `csc4402db`.`teachers` (`tid`, `fname`, `lname`, `subject`, `salary`) VALUES (1083, 'Lisa', 'Hughes', 'Psychology', 65935.25);
INSERT INTO `csc4402db`.`teachers` (`tid`, `fname`, `lname`, `subject`, `salary`) VALUES (1084, 'Emma', 'Price', 'Music', 94303.34);
INSERT INTO `csc4402db`.`teachers` (`tid`, `fname`, `lname`, `subject`, `salary`) VALUES (1085, 'Ashley', 'Myers', 'Music', 47787.4);
INSERT INTO `csc4402db`.`teachers` (`tid`, `fname`, `lname`, `subject`, `salary`) VALUES (1086, 'Ashley', 'Long', 'English', 95890.93);
INSERT INTO `csc4402db`.`teachers` (`tid`, `fname`, `lname`, `subject`, `salary`) VALUES (1087, 'Carol', 'Foster', 'Psychology', 79624.53);
INSERT INTO `csc4402db`.`teachers` (`tid`, `fname`, `lname`, `subject`, `salary`) VALUES (1088, 'Richard', 'Sanders', 'Spanish', 86337.58);
INSERT INTO `csc4402db`.`teachers` (`tid`, `fname`, `lname`, `subject`, `salary`) VALUES (1089, 'Lisa', 'Ross', 'Choir', 51190.3);
INSERT INTO `csc4402db`.`teachers` (`tid`, `fname`, `lname`, `subject`, `salary`) VALUES (1090, 'Robert', 'Morales', 'Algebra', 59492.97);
INSERT INTO `csc4402db`.`teachers` (`tid`, `fname`, `lname`, `subject`, `salary`) VALUES (1091, 'Mike', 'Powell', 'Physics', 58166.92);
INSERT INTO `csc4402db`.`teachers` (`tid`, `fname`, `lname`, `subject`, `salary`) VALUES (1092, 'Lisa', 'Sullivan', 'Algebra', 70413.28);
INSERT INTO `csc4402db`.`teachers` (`tid`, `fname`, `lname`, `subject`, `salary`) VALUES (1093, 'Elizabeth', 'Russell', 'Physics', 82994.47);
INSERT INTO `csc4402db`.`teachers` (`tid`, `fname`, `lname`, `subject`, `salary`) VALUES (1094, 'Karen', 'Ortiz', 'Biology', 69500.73);
INSERT INTO `csc4402db`.`teachers` (`tid`, `fname`, `lname`, `subject`, `salary`) VALUES (1095, 'Todd', 'Jenkins', 'Dance', 68108.86);
INSERT INTO `csc4402db`.`teachers` (`tid`, `fname`, `lname`, `subject`, `salary`) VALUES (1096, 'Helen', 'Gutierrez', 'Art', 51987.06);
INSERT INTO `csc4402db`.`teachers` (`tid`, `fname`, `lname`, `subject`, `salary`) VALUES (1097, 'Nick', 'Perry', 'French', 65676.08);
INSERT INTO `csc4402db`.`teachers` (`tid`, `fname`, `lname`, `subject`, `salary`) VALUES (1098, 'Nicole', 'Butler', 'Calculus', 41019.94);
INSERT INTO `csc4402db`.`teachers` (`tid`, `fname`, `lname`, `subject`, `salary`) VALUES (1099, 'James', 'Barnes', 'Choir', 73886.88);
INSERT INTO `csc4402db`.`teachers` (`tid`, `fname`, `lname`, `subject`, `salary`) VALUES (1100, 'Bob', 'Fisher', 'Art', 90521.35);

COMMIT;


-- -----------------------------------------------------
-- Data for table `csc4402db`.`clubs`
-- -----------------------------------------------------
START TRANSACTION;
USE `csc4402db`;
INSERT INTO `csc4402db`.`clubs` (`name`, `sponsor`, `room_number`, `budget`) VALUES ('Beta', 1010, 119, 6714.51);
INSERT INTO `csc4402db`.`clubs` (`name`, `sponsor`, `room_number`, `budget`) VALUES ('DECA', 1031, 113, 1463.45);
INSERT INTO `csc4402db`.`clubs` (`name`, `sponsor`, `room_number`, `budget`) VALUES ('Book', 1064, 121, 4892.27);
INSERT INTO `csc4402db`.`clubs` (`name`, `sponsor`, `room_number`, `budget`) VALUES ('eSports', 1076, 106, 3285.12);
INSERT INTO `csc4402db`.`clubs` (`name`, `sponsor`, `room_number`, `budget`) VALUES ('Mu Alpha Theta', 1043, 111, 7217.62);
INSERT INTO `csc4402db`.`clubs` (`name`, `sponsor`, `room_number`, `budget`) VALUES ('Science', 1007, 107, 5854.92);
INSERT INTO `csc4402db`.`clubs` (`name`, `sponsor`, `room_number`, `budget`) VALUES ('National Honors Society', 1025, 109, 1596.27);
INSERT INTO `csc4402db`.`clubs` (`name`, `sponsor`, `room_number`, `budget`) VALUES ('History', 1040, 114, 9908.61);
INSERT INTO `csc4402db`.`clubs` (`name`, `sponsor`, `room_number`, `budget`) VALUES ('Chess', 1061, 123, 5065.12);
INSERT INTO `csc4402db`.`clubs` (`name`, `sponsor`, `room_number`, `budget`) VALUES ('Debate', 1019, 101, 8865.76);
INSERT INTO `csc4402db`.`clubs` (`name`, `sponsor`, `room_number`, `budget`) VALUES ('Drama', 1046, 104, 1854.98);
INSERT INTO `csc4402db`.`clubs` (`name`, `sponsor`, `room_number`, `budget`) VALUES ('Student Government', 1034, 122, 1107.01);
INSERT INTO `csc4402db`.`clubs` (`name`, `sponsor`, `room_number`, `budget`) VALUES ('Robotics', 1028, 103, 3940.29);
INSERT INTO `csc4402db`.`clubs` (`name`, `sponsor`, `room_number`, `budget`) VALUES ('Photography', 1073, 100, 1375.15);
INSERT INTO `csc4402db`.`clubs` (`name`, `sponsor`, `room_number`, `budget`) VALUES ('Sports Journalism', 1022, 110, 3797.82);
INSERT INTO `csc4402db`.`clubs` (`name`, `sponsor`, `room_number`, `budget`) VALUES ('Broadcast Journalism', 1016, 118, 5442.89);
INSERT INTO `csc4402db`.`clubs` (`name`, `sponsor`, `room_number`, `budget`) VALUES ('Newspaper', 1037, 117, 9494.66);
INSERT INTO `csc4402db`.`clubs` (`name`, `sponsor`, `room_number`, `budget`) VALUES ('4-H', 1052, 112, 9297.42);
INSERT INTO `csc4402db`.`clubs` (`name`, `sponsor`, `room_number`, `budget`) VALUES ('Band', 1049, 108, 7327.06);
INSERT INTO `csc4402db`.`clubs` (`name`, `sponsor`, `room_number`, `budget`) VALUES ('Music', 1055, 105, 9942.62);
INSERT INTO `csc4402db`.`clubs` (`name`, `sponsor`, `room_number`, `budget`) VALUES ('FCA', 1013, 115, 4861.14);
INSERT INTO `csc4402db`.`clubs` (`name`, `sponsor`, `room_number`, `budget`) VALUES ('FFA', 1058, 120, 1165.17);
INSERT INTO `csc4402db`.`clubs` (`name`, `sponsor`, `room_number`, `budget`) VALUES ('Yearbook', 1070, 116, 3127.21);
INSERT INTO `csc4402db`.`clubs` (`name`, `sponsor`, `room_number`, `budget`) VALUES ('', 1067, 102, 4057.17);

COMMIT;


-- -----------------------------------------------------
-- Data for table `csc4402db`.`students`
-- -----------------------------------------------------
START TRANSACTION;
USE `csc4402db`;
INSERT INTO `csc4402db`.`students` (`sid`, `fname`, `lname`, `sex`, `year`, `GPA`, `club`, `role`) VALUES (225000, 'Nicola', 'Acosta', 'F', 2, 3.32, 'FCA', 'member');
INSERT INTO `csc4402db`.`students` (`sid`, `fname`, `lname`, `sex`, `year`, `GPA`, `club`, `role`) VALUES (225001, 'Karen', 'Adams', 'F', 1, 2.78, 'Beta', 'member');
INSERT INTO `csc4402db`.`students` (`sid`, `fname`, `lname`, `sex`, `year`, `GPA`, `club`, `role`) VALUES (225002, 'David', 'Adkins', 'M', 2, 1.07, 'Debate', 'member');
INSERT INTO `csc4402db`.`students` (`sid`, `fname`, `lname`, `sex`, `year`, `GPA`, `club`, `role`) VALUES (225003, 'John', 'Aguilar', 'M', 2, 2.95, 'NULL', 'NULL');
INSERT INTO `csc4402db`.`students` (`sid`, `fname`, `lname`, `sex`, `year`, `GPA`, `club`, `role`) VALUES (225004, 'Paul', 'Alexander', 'M', 2, 1.16, 'Mu Alpha Theta', 'member');
INSERT INTO `csc4402db`.`students` (`sid`, `fname`, `lname`, `sex`, `year`, `GPA`, `club`, `role`) VALUES (225005, 'Fiona', 'Allen', 'F', 1, 2.82, 'National Honors Society', 'member');
INSERT INTO `csc4402db`.`students` (`sid`, `fname`, `lname`, `sex`, `year`, `GPA`, `club`, `role`) VALUES (225006, 'Susan', 'Alvarado', 'F', 3, 1.74, 'Newspaper', 'member');
INSERT INTO `csc4402db`.`students` (`sid`, `fname`, `lname`, `sex`, `year`, `GPA`, `club`, `role`) VALUES (225007, 'Mark', 'Alvarez', 'M', 2, 3.62, 'Beta', 'member');
INSERT INTO `csc4402db`.`students` (`sid`, `fname`, `lname`, `sex`, `year`, `GPA`, `club`, `role`) VALUES (225008, 'James', 'Anderson', 'M', 3, 3, 'Debate', 'member');
INSERT INTO `csc4402db`.`students` (`sid`, `fname`, `lname`, `sex`, `year`, `GPA`, `club`, `role`) VALUES (225009, 'Claire', 'Andrews', 'F', 1, 2.35, 'eSports', 'member');
INSERT INTO `csc4402db`.`students` (`sid`, `fname`, `lname`, `sex`, `year`, `GPA`, `club`, `role`) VALUES (225010, 'Andrew', 'Armstrong', 'M', 3, 2.24, 'Student Government', 'officer');
INSERT INTO `csc4402db`.`students` (`sid`, `fname`, `lname`, `sex`, `year`, `GPA`, `club`, `role`) VALUES (225011, 'Scott', 'Arnold', 'M', 2, 2.73, 'History', 'member');
INSERT INTO `csc4402db`.`students` (`sid`, `fname`, `lname`, `sex`, `year`, `GPA`, `club`, `role`) VALUES (225012, 'Sharon', 'Austin', 'F', 1, 2.32, 'Book', 'member');
INSERT INTO `csc4402db`.`students` (`sid`, `fname`, `lname`, `sex`, `year`, `GPA`, `club`, `role`) VALUES (225013, 'Steven', 'Avila', 'M', 1, 2.05, 'National Honors Society', 'member');
INSERT INTO `csc4402db`.`students` (`sid`, `fname`, `lname`, `sex`, `year`, `GPA`, `club`, `role`) VALUES (225014, 'Robert', 'Ayala', 'M', 2, 1.18, 'eSports', 'member');
INSERT INTO `csc4402db`.`students` (`sid`, `fname`, `lname`, `sex`, `year`, `GPA`, `club`, `role`) VALUES (225015, 'Stephen', 'Bailey', 'M', 4, 1.04, 'FCA', 'member');
INSERT INTO `csc4402db`.`students` (`sid`, `fname`, `lname`, `sex`, `year`, `GPA`, `club`, `role`) VALUES (225016, 'Angela', 'Baker', 'F', 2, 1.38, 'Music', 'member');
INSERT INTO `csc4402db`.`students` (`sid`, `fname`, `lname`, `sex`, `year`, `GPA`, `club`, `role`) VALUES (225017, 'Gillian', 'Baldwin', 'F', 3, 3.52, 'NULL', 'NULL');
INSERT INTO `csc4402db`.`students` (`sid`, `fname`, `lname`, `sex`, `year`, `GPA`, `club`, `role`) VALUES (225018, 'William', 'Ball', 'M', 2, 2.4, 'Sports Journalism', 'member');
INSERT INTO `csc4402db`.`students` (`sid`, `fname`, `lname`, `sex`, `year`, `GPA`, `club`, `role`) VALUES (225019, 'Julie', 'Banks', 'F', 3, 1.05, 'Photography', 'member');
INSERT INTO `csc4402db`.`students` (`sid`, `fname`, `lname`, `sex`, `year`, `GPA`, `club`, `role`) VALUES (225020, 'Craig', 'Barber', 'M', 2, 2.02, 'History', 'member');
INSERT INTO `csc4402db`.`students` (`sid`, `fname`, `lname`, `sex`, `year`, `GPA`, `club`, `role`) VALUES (225021, 'Michael', 'Barker', 'M', 2, 1.54, 'Photography', 'member');
INSERT INTO `csc4402db`.`students` (`sid`, `fname`, `lname`, `sex`, `year`, `GPA`, `club`, `role`) VALUES (225022, 'Michelle', 'Barnes', 'F', 2, 2.48, 'Robotics', 'member');
INSERT INTO `csc4402db`.`students` (`sid`, `fname`, `lname`, `sex`, `year`, `GPA`, `club`, `role`) VALUES (225023, 'Stuart', 'Barnett', 'M', 3, 2.22, 'Beta', 'president');
INSERT INTO `csc4402db`.`students` (`sid`, `fname`, `lname`, `sex`, `year`, `GPA`, `club`, `role`) VALUES (225024, 'Jacqueline', 'Barrett', 'F', 4, 3.84, 'NULL', 'NULL');
INSERT INTO `csc4402db`.`students` (`sid`, `fname`, `lname`, `sex`, `year`, `GPA`, `club`, `role`) VALUES (225025, 'Christopher', 'Barton', 'M', 3, 2.96, 'Music', 'member');
INSERT INTO `csc4402db`.`students` (`sid`, `fname`, `lname`, `sex`, `year`, `GPA`, `club`, `role`) VALUES (225026, 'Alan', 'Bates', 'M', 4, 3.35, 'Drama', 'member');
INSERT INTO `csc4402db`.`students` (`sid`, `fname`, `lname`, `sex`, `year`, `GPA`, `club`, `role`) VALUES (225027, 'Amanda', 'Bauer', 'F', 4, 2.52, '4-H', 'member');
INSERT INTO `csc4402db`.`students` (`sid`, `fname`, `lname`, `sex`, `year`, `GPA`, `club`, `role`) VALUES (225028, 'Colin', 'Beck', 'M', 3, 3.77, 'NULL', 'NULL');
INSERT INTO `csc4402db`.`students` (`sid`, `fname`, `lname`, `sex`, `year`, `GPA`, `club`, `role`) VALUES (225029, 'Brian', 'Becker', 'M', 4, 1.31, 'Sports Journalism', 'member');
INSERT INTO `csc4402db`.`students` (`sid`, `fname`, `lname`, `sex`, `year`, `GPA`, `club`, `role`) VALUES (225030, 'Tracy', 'Bell', 'F', 1, 2.59, 'DECA', 'member');
INSERT INTO `csc4402db`.`students` (`sid`, `fname`, `lname`, `sex`, `year`, `GPA`, `club`, `role`) VALUES (225031, 'Louise', 'Bennett', 'F', 1, 1.25, 'Chess', 'member');
INSERT INTO `csc4402db`.`students` (`sid`, `fname`, `lname`, `sex`, `year`, `GPA`, `club`, `role`) VALUES (225032, 'Jennifer', 'Benson', 'F', 4, 3.97, 'Book', 'member');
INSERT INTO `csc4402db`.`students` (`sid`, `fname`, `lname`, `sex`, `year`, `GPA`, `club`, `role`) VALUES (225033, 'Alison', 'Berry', 'F', 1, 1.99, 'eSports', 'member');
INSERT INTO `csc4402db`.`students` (`sid`, `fname`, `lname`, `sex`, `year`, `GPA`, `club`, `role`) VALUES (225034, 'Kevin', 'Bishop', 'M', 4, 2.6, 'NULL', 'NULL');
INSERT INTO `csc4402db`.`students` (`sid`, `fname`, `lname`, `sex`, `year`, `GPA`, `club`, `role`) VALUES (225035, 'Gary', 'Black', 'M', 3, 3.87, 'FCA', 'member');
INSERT INTO `csc4402db`.`students` (`sid`, `fname`, `lname`, `sex`, `year`, `GPA`, `club`, `role`) VALUES (225036, 'Sarah', 'Blair', 'F', 4, 1.17, 'Music', 'member');
INSERT INTO `csc4402db`.`students` (`sid`, `fname`, `lname`, `sex`, `year`, `GPA`, `club`, `role`) VALUES (225037, 'Richard', 'Blake', 'M', 4, 3.03, 'Debate', 'member');
INSERT INTO `csc4402db`.`students` (`sid`, `fname`, `lname`, `sex`, `year`, `GPA`, `club`, `role`) VALUES (225038, 'Donna', 'Bowen', 'F', 2, 1.25, 'NULL', 'NULL');
INSERT INTO `csc4402db`.`students` (`sid`, `fname`, `lname`, `sex`, `year`, `GPA`, `club`, `role`) VALUES (225039, 'Derek', 'Bowers', 'M', 1, 1.85, 'Science', 'member');
INSERT INTO `csc4402db`.`students` (`sid`, `fname`, `lname`, `sex`, `year`, `GPA`, `club`, `role`) VALUES (225040, 'Caroline', 'Bowman', 'F', 2, 1.47, 'Photography', 'member');
INSERT INTO `csc4402db`.`students` (`sid`, `fname`, `lname`, `sex`, `year`, `GPA`, `club`, `role`) VALUES (225041, 'Martin', 'Boyd', 'M', 1, 2.09, 'Sports Journalism', 'member');
INSERT INTO `csc4402db`.`students` (`sid`, `fname`, `lname`, `sex`, `year`, `GPA`, `club`, `role`) VALUES (225042, 'Thomas', 'Bradley', 'M', 3, 3.11, 'Yearbook', 'member');
INSERT INTO `csc4402db`.`students` (`sid`, `fname`, `lname`, `sex`, `year`, `GPA`, `club`, `role`) VALUES (225043, 'Elaine', 'Brady', 'F', 2, 2.09, 'FCA', 'member');
INSERT INTO `csc4402db`.`students` (`sid`, `fname`, `lname`, `sex`, `year`, `GPA`, `club`, `role`) VALUES (225044, 'Neil', 'Brewer', 'M', 4, 2.47, 'Drama', 'member');
INSERT INTO `csc4402db`.`students` (`sid`, `fname`, `lname`, `sex`, `year`, `GPA`, `club`, `role`) VALUES (225045, 'Lynn', 'Brooks', 'F', 1, 1.74, 'Book', 'member');
INSERT INTO `csc4402db`.`students` (`sid`, `fname`, `lname`, `sex`, `year`, `GPA`, `club`, `role`) VALUES (225046, 'Barry', 'Brown', 'M', 2, 2.45, 'Band', 'member');
INSERT INTO `csc4402db`.`students` (`sid`, `fname`, `lname`, `sex`, `year`, `GPA`, `club`, `role`) VALUES (225047, 'Margaret', 'Bryant', 'F', 3, 1.48, 'FFA', 'member');
INSERT INTO `csc4402db`.`students` (`sid`, `fname`, `lname`, `sex`, `year`, `GPA`, `club`, `role`) VALUES (225048, 'Ian', 'Buchanan', 'M', 1, 3.76, 'Beta', 'officer');
INSERT INTO `csc4402db`.`students` (`sid`, `fname`, `lname`, `sex`, `year`, `GPA`, `club`, `role`) VALUES (225049, 'Elizabeth', 'Burgess', 'F', 2, 3.05, 'Science', 'member');
INSERT INTO `csc4402db`.`students` (`sid`, `fname`, `lname`, `sex`, `year`, `GPA`, `club`, `role`) VALUES (225050, 'Jason', 'Burke', 'M', 4, 2.94, 'Band', 'member');
INSERT INTO `csc4402db`.`students` (`sid`, `fname`, `lname`, `sex`, `year`, `GPA`, `club`, `role`) VALUES (225051, 'Iain', 'Burns', 'M', 4, 2.24, 'Mu Alpha Theta', 'member');
INSERT INTO `csc4402db`.`students` (`sid`, `fname`, `lname`, `sex`, `year`, `GPA`, `club`, `role`) VALUES (225052, 'Gordon', 'Burton', 'M', 4, 3.21, 'Robotics', 'member');
INSERT INTO `csc4402db`.`students` (`sid`, `fname`, `lname`, `sex`, `year`, `GPA`, `club`, `role`) VALUES (225053, 'Alexander', 'Bush', 'M', 4, 1.78, 'Yearbook', 'member');
INSERT INTO `csc4402db`.`students` (`sid`, `fname`, `lname`, `sex`, `year`, `GPA`, `club`, `role`) VALUES (225054, 'Lesley', 'Butler', 'F', 3, 2.51, 'History', 'member');
INSERT INTO `csc4402db`.`students` (`sid`, `fname`, `lname`, `sex`, `year`, `GPA`, `club`, `role`) VALUES (225055, 'Graeme', 'Byrd', 'M', 2, 1.48, 'DECA', 'member');
INSERT INTO `csc4402db`.`students` (`sid`, `fname`, `lname`, `sex`, `year`, `GPA`, `club`, `role`) VALUES (225056, 'Peter', 'Caldwell', 'M', 3, 1.41, 'Yearbook', 'member');
INSERT INTO `csc4402db`.`students` (`sid`, `fname`, `lname`, `sex`, `year`, `GPA`, `club`, `role`) VALUES (225057, 'Deborah', 'Campbell', 'F', 1, 2.86, 'National Honors Society', 'member');
INSERT INTO `csc4402db`.`students` (`sid`, `fname`, `lname`, `sex`, `year`, `GPA`, `club`, `role`) VALUES (225058, 'Pauline', 'Campos', 'F', 1, 2.36, 'FFA', 'member');
INSERT INTO `csc4402db`.`students` (`sid`, `fname`, `lname`, `sex`, `year`, `GPA`, `club`, `role`) VALUES (225059, 'Darren', 'Cannon', 'M', 1, 3.45, 'Band', 'member');
INSERT INTO `csc4402db`.`students` (`sid`, `fname`, `lname`, `sex`, `year`, `GPA`, `club`, `role`) VALUES (225060, 'Graham', 'Carlson', 'M', 3, 1.81, 'Sports Journalism', 'president');
INSERT INTO `csc4402db`.`students` (`sid`, `fname`, `lname`, `sex`, `year`, `GPA`, `club`, `role`) VALUES (225061, 'Lorraine', 'Carpenter', 'F', 2, 1.55, 'History', 'vice-president');
INSERT INTO `csc4402db`.`students` (`sid`, `fname`, `lname`, `sex`, `year`, `GPA`, `club`, `role`) VALUES (225062, 'George', 'Carr', 'M', 1, 1.4, '4-H', 'member');
INSERT INTO `csc4402db`.`students` (`sid`, `fname`, `lname`, `sex`, `year`, `GPA`, `club`, `role`) VALUES (225063, 'Laura', 'Carrillo', 'F', 4, 2.06, 'Newspaper', 'member');
INSERT INTO `csc4402db`.`students` (`sid`, `fname`, `lname`, `sex`, `year`, `GPA`, `club`, `role`) VALUES (225064, 'Lisa', 'Carroll', 'F', 3, 2.82, 'Music', 'member');
INSERT INTO `csc4402db`.`students` (`sid`, `fname`, `lname`, `sex`, `year`, `GPA`, `club`, `role`) VALUES (225065, 'Tracey', 'Carter', 'F', 1, 3.81, 'Book', 'member');
INSERT INTO `csc4402db`.`students` (`sid`, `fname`, `lname`, `sex`, `year`, `GPA`, `club`, `role`) VALUES (225066, 'Carol', 'Casey', 'F', 2, 2.25, 'Student Government', 'member');
INSERT INTO `csc4402db`.`students` (`sid`, `fname`, `lname`, `sex`, `year`, `GPA`, `club`, `role`) VALUES (225067, 'Linda', 'Castillo', 'F', 2, 1.52, 'Sports Journalism', 'member');
INSERT INTO `csc4402db`.`students` (`sid`, `fname`, `lname`, `sex`, `year`, `GPA`, `club`, `role`) VALUES (225068, 'Kenneth', 'Castro', 'M', 4, 2.29, 'NULL', 'NULL');
INSERT INTO `csc4402db`.`students` (`sid`, `fname`, `lname`, `sex`, `year`, `GPA`, `club`, `role`) VALUES (225069, 'Allan', 'Chambers', 'M', 4, 1.58, 'Beta', 'member');
INSERT INTO `csc4402db`.`students` (`sid`, `fname`, `lname`, `sex`, `year`, `GPA`, `club`, `role`) VALUES (225070, 'Simon', 'Chan', 'M', 3, 3.54, 'Mu Alpha Theta', 'vice-president');
INSERT INTO `csc4402db`.`students` (`sid`, `fname`, `lname`, `sex`, `year`, `GPA`, `club`, `role`) VALUES (225071, 'Douglas', 'Chandler', 'M', 3, 3.96, 'Beta', 'member');
INSERT INTO `csc4402db`.`students` (`sid`, `fname`, `lname`, `sex`, `year`, `GPA`, `club`, `role`) VALUES (225072, 'Keith', 'Chang', 'M', 2, 2.19, 'Robotics', 'member');
INSERT INTO `csc4402db`.`students` (`sid`, `fname`, `lname`, `sex`, `year`, `GPA`, `club`, `role`) VALUES (225073, 'Lee', 'Chapman', 'M', 3, 1.58, 'History', 'member');
INSERT INTO `csc4402db`.`students` (`sid`, `fname`, `lname`, `sex`, `year`, `GPA`, `club`, `role`) VALUES (225074, 'Lorna', 'Chavez', 'F', 4, 2.76, 'DECA', 'officer');
INSERT INTO `csc4402db`.`students` (`sid`, `fname`, `lname`, `sex`, `year`, `GPA`, `club`, `role`) VALUES (225075, 'Anthony', 'Chen', 'M', 1, 1.44, 'Yearbook', 'officer');
INSERT INTO `csc4402db`.`students` (`sid`, `fname`, `lname`, `sex`, `year`, `GPA`, `club`, `role`) VALUES (225076, 'Grant', 'Christensen', 'M', 4, 3.06, 'NULL', 'NULL');
INSERT INTO `csc4402db`.`students` (`sid`, `fname`, `lname`, `sex`, `year`, `GPA`, `club`, `role`) VALUES (225077, 'Catherine', 'Clark', 'F', 1, 2.82, 'Robotics', 'member');
INSERT INTO `csc4402db`.`students` (`sid`, `fname`, `lname`, `sex`, `year`, `GPA`, `club`, `role`) VALUES (225078, 'Wendy', 'Clarke', 'F', 4, 3.27, 'Photography', 'member');
INSERT INTO `csc4402db`.`students` (`sid`, `fname`, `lname`, `sex`, `year`, `GPA`, `club`, `role`) VALUES (225079, 'Lynne', 'Cobb', 'F', 1, 3.43, 'DECA', 'member');
INSERT INTO `csc4402db`.`students` (`sid`, `fname`, `lname`, `sex`, `year`, `GPA`, `club`, `role`) VALUES (225080, 'Yvonne', 'Cohen', 'F', 2, 2.03, 'eSports', 'member');
INSERT INTO `csc4402db`.`students` (`sid`, `fname`, `lname`, `sex`, `year`, `GPA`, `club`, `role`) VALUES (225081, 'Pamela', 'Cole', 'F', 4, 2.52, 'DECA', 'member');
INSERT INTO `csc4402db`.`students` (`sid`, `fname`, `lname`, `sex`, `year`, `GPA`, `club`, `role`) VALUES (225082, 'Kirsty', 'Coleman', 'F', 3, 1.19, 'Robotics', 'member');
INSERT INTO `csc4402db`.`students` (`sid`, `fname`, `lname`, `sex`, `year`, `GPA`, `club`, `role`) VALUES (225083, 'Ross', 'Collins', 'M', 1, 3.54, 'Band', 'member');
INSERT INTO `csc4402db`.`students` (`sid`, `fname`, `lname`, `sex`, `year`, `GPA`, `club`, `role`) VALUES (225084, 'Jonathan', 'Conner', 'M', 1, 3.52, 'National Honors Society', 'member');
INSERT INTO `csc4402db`.`students` (`sid`, `fname`, `lname`, `sex`, `year`, `GPA`, `club`, `role`) VALUES (225085, 'Gavin', 'Contreras', 'M', 4, 2.66, 'NULL', 'NULL');
INSERT INTO `csc4402db`.`students` (`sid`, `fname`, `lname`, `sex`, `year`, `GPA`, `club`, `role`) VALUES (225086, 'Jane', 'Cook', 'F', 2, 2.83, 'FCA', 'vice-president');
INSERT INTO `csc4402db`.`students` (`sid`, `fname`, `lname`, `sex`, `year`, `GPA`, `club`, `role`) VALUES (225087, 'Nicholas', 'Cooper', 'M', 1, 1.17, 'Sports Journalism', 'officer');
INSERT INTO `csc4402db`.`students` (`sid`, `fname`, `lname`, `sex`, `year`, `GPA`, `club`, `role`) VALUES (225088, 'Joseph', 'Cortez', 'M', 4, 3.82, 'Sports Journalism', 'member');
INSERT INTO `csc4402db`.`students` (`sid`, `fname`, `lname`, `sex`, `year`, `GPA`, `club`, `role`) VALUES (225089, 'Emma', 'Cox', 'F', 3, 3.32, 'Band', 'officer');
INSERT INTO `csc4402db`.`students` (`sid`, `fname`, `lname`, `sex`, `year`, `GPA`, `club`, `role`) VALUES (225090, 'Stewart', 'Craig', 'M', 2, 1.94, 'Music', 'president');
INSERT INTO `csc4402db`.`students` (`sid`, `fname`, `lname`, `sex`, `year`, `GPA`, `club`, `role`) VALUES (225091, 'Daniel', 'Crawford', 'M', 1, 1.63, 'Robotics', 'member');
INSERT INTO `csc4402db`.`students` (`sid`, `fname`, `lname`, `sex`, `year`, `GPA`, `club`, `role`) VALUES (225092, 'Edward', 'Cross', 'M', 2, 1.7, 'Mu Alpha Theta', 'member');
INSERT INTO `csc4402db`.`students` (`sid`, `fname`, `lname`, `sex`, `year`, `GPA`, `club`, `role`) VALUES (225093, 'Joanne', 'Cruz', 'F', 2, 3.23, 'Science', 'officer');
INSERT INTO `csc4402db`.`students` (`sid`, `fname`, `lname`, `sex`, `year`, `GPA`, `club`, `role`) VALUES (225094, 'Heather', 'Cummings', 'F', 3, 2.61, 'History', 'member');
INSERT INTO `csc4402db`.`students` (`sid`, `fname`, `lname`, `sex`, `year`, `GPA`, `club`, `role`) VALUES (225095, 'Suzanne', 'Cunningham', 'F', 1, 2.69, 'Yearbook', 'member');
INSERT INTO `csc4402db`.`students` (`sid`, `fname`, `lname`, `sex`, `year`, `GPA`, `club`, `role`) VALUES (225096, 'Matthew', 'Curry', 'M', 3, 2.11, 'Student Government', 'member');
INSERT INTO `csc4402db`.`students` (`sid`, `fname`, `lname`, `sex`, `year`, `GPA`, `club`, `role`) VALUES (225097, 'Donald', 'Curtis', 'M', 4, 3.81, 'Book', 'member');
INSERT INTO `csc4402db`.`students` (`sid`, `fname`, `lname`, `sex`, `year`, `GPA`, `club`, `role`) VALUES (225098, 'Anne', 'Daniel', 'F', 4, 1.83, 'eSports', 'officer');
INSERT INTO `csc4402db`.`students` (`sid`, `fname`, `lname`, `sex`, `year`, `GPA`, `club`, `role`) VALUES (225099, 'Fraser', 'Daniels', 'M', 2, 2.5, 'eSports', 'member');
INSERT INTO `csc4402db`.`students` (`sid`, `fname`, `lname`, `sex`, `year`, `GPA`, `club`, `role`) VALUES (225100, 'Diane', 'Davidson', 'F', 4, 3.22, 'Photography', 'member');
INSERT INTO `csc4402db`.`students` (`sid`, `fname`, `lname`, `sex`, `year`, `GPA`, `club`, `role`) VALUES (225101, 'Helen', 'Davis', 'F', 3, 1.41, 'Photography', 'member');
INSERT INTO `csc4402db`.`students` (`sid`, `fname`, `lname`, `sex`, `year`, `GPA`, `club`, `role`) VALUES (225102, 'Garry', 'Dawson', 'M', 4, 3.62, '4-H', 'member');
INSERT INTO `csc4402db`.`students` (`sid`, `fname`, `lname`, `sex`, `year`, `GPA`, `club`, `role`) VALUES (225103, 'Malcolm', 'Day', 'M', 1, 2.02, 'History', 'president');
INSERT INTO `csc4402db`.`students` (`sid`, `fname`, `lname`, `sex`, `year`, `GPA`, `club`, `role`) VALUES (225104, 'Charles', 'Dean', 'M', 1, 1.83, 'Science', 'member');
INSERT INTO `csc4402db`.`students` (`sid`, `fname`, `lname`, `sex`, `year`, `GPA`, `club`, `role`) VALUES (225105, 'Victoria', 'Deleon', 'F', 2, 3.73, 'FFA', 'member');
INSERT INTO `csc4402db`.`students` (`sid`, `fname`, `lname`, `sex`, `year`, `GPA`, `club`, `role`) VALUES (225106, 'Duncan', 'Delgado', 'M', 3, 1.42, 'Book', 'vice-president');
INSERT INTO `csc4402db`.`students` (`sid`, `fname`, `lname`, `sex`, `year`, `GPA`, `club`, `role`) VALUES (225107, 'Dawn', 'Dennis', 'F', 2, 1.41, 'DECA', 'president');
INSERT INTO `csc4402db`.`students` (`sid`, `fname`, `lname`, `sex`, `year`, `GPA`, `club`, `role`) VALUES (225108, 'Mary', 'Diaz', 'F', 1, 1.67, 'Book', 'officer');
INSERT INTO `csc4402db`.`students` (`sid`, `fname`, `lname`, `sex`, `year`, `GPA`, `club`, `role`) VALUES (225109, 'Samantha', 'Dixon', 'F', 4, 1.23, 'Music', 'member');
INSERT INTO `csc4402db`.`students` (`sid`, `fname`, `lname`, `sex`, `year`, `GPA`, `club`, `role`) VALUES (225110, 'Marie', 'Dominguez', 'F', 2, 3.58, 'Mu Alpha Theta', 'member');
INSERT INTO `csc4402db`.`students` (`sid`, `fname`, `lname`, `sex`, `year`, `GPA`, `club`, `role`) VALUES (225111, 'Alistair', 'Douglas', 'M', 4, 1.8, 'FCA', 'member');
INSERT INTO `csc4402db`.`students` (`sid`, `fname`, `lname`, `sex`, `year`, `GPA`, `club`, `role`) VALUES (225112, 'Kerry', 'Doyle', 'F', 4, 2.79, 'Photography', 'officer');
INSERT INTO `csc4402db`.`students` (`sid`, `fname`, `lname`, `sex`, `year`, `GPA`, `club`, `role`) VALUES (225113, 'Ann', 'Duncan', 'F', 1, 2.54, 'FFA', 'member');
INSERT INTO `csc4402db`.`students` (`sid`, `fname`, `lname`, `sex`, `year`, `GPA`, `club`, `role`) VALUES (225114, 'Hazel', 'Dunn', 'F', 3, 3.77, 'Newspaper', 'member');
INSERT INTO `csc4402db`.`students` (`sid`, `fname`, `lname`, `sex`, `year`, `GPA`, `club`, `role`) VALUES (225115, 'Christine', 'Duran', 'F', 1, 2.54, 'NULL', 'NULL');
INSERT INTO `csc4402db`.`students` (`sid`, `fname`, `lname`, `sex`, `year`, `GPA`, `club`, `role`) VALUES (225116, 'Raymond', 'Edwards', 'M', 3, 1.5, 'DECA', 'member');
INSERT INTO `csc4402db`.`students` (`sid`, `fname`, `lname`, `sex`, `year`, `GPA`, `club`, `role`) VALUES (225117, 'Gail', 'Elliott', 'F', 3, 3.02, 'Yearbook', 'president');
INSERT INTO `csc4402db`.`students` (`sid`, `fname`, `lname`, `sex`, `year`, `GPA`, `club`, `role`) VALUES (225118, 'Andrea', 'Ellis', 'F', 1, 1.78, 'Student Government', 'president');
INSERT INTO `csc4402db`.`students` (`sid`, `fname`, `lname`, `sex`, `year`, `GPA`, `club`, `role`) VALUES (225119, 'Clare', 'Erickson', 'F', 2, 2.68, 'National Honors Society', 'member');
INSERT INTO `csc4402db`.`students` (`sid`, `fname`, `lname`, `sex`, `year`, `GPA`, `club`, `role`) VALUES (225120, 'Philip', 'Espinoza', 'M', 3, 2.62, 'Photography', 'member');
INSERT INTO `csc4402db`.`students` (`sid`, `fname`, `lname`, `sex`, `year`, `GPA`, `club`, `role`) VALUES (225121, 'Ronald', 'Estrada', 'M', 3, 3.13, 'NULL', 'NULL');
INSERT INTO `csc4402db`.`students` (`sid`, `fname`, `lname`, `sex`, `year`, `GPA`, `club`, `role`) VALUES (225122, 'Ewan', 'Evans', 'M', 4, 1.63, 'Robotics', 'vice-president');
INSERT INTO `csc4402db`.`students` (`sid`, `fname`, `lname`, `sex`, `year`, `GPA`, `club`, `role`) VALUES (225123, 'Ryan', 'Farmer', 'M', 4, 3.1, 'Music', 'member');
INSERT INTO `csc4402db`.`students` (`sid`, `fname`, `lname`, `sex`, `year`, `GPA`, `club`, `role`) VALUES (225124, 'Francis', 'Ferguson', 'M', 2, 3.4, 'Debate', 'member');
INSERT INTO `csc4402db`.`students` (`sid`, `fname`, `lname`, `sex`, `year`, `GPA`, `club`, `role`) VALUES (225125, 'Sandra', 'Fernandez', 'F', 3, 2.47, '4-H', 'member');
INSERT INTO `csc4402db`.`students` (`sid`, `fname`, `lname`, `sex`, `year`, `GPA`, `club`, `role`) VALUES (225126, 'Bruce', 'Fields', 'M', 2, 2.25, 'FFA', 'member');
INSERT INTO `csc4402db`.`students` (`sid`, `fname`, `lname`, `sex`, `year`, `GPA`, `club`, `role`) VALUES (225127, 'Shona', 'Figueroa', 'F', 4, 2.31, 'NULL', 'NULL');
INSERT INTO `csc4402db`.`students` (`sid`, `fname`, `lname`, `sex`, `year`, `GPA`, `club`, `role`) VALUES (225128, 'Patrick', 'Fischer', 'M', 3, 1.14, 'Photography', 'member');
INSERT INTO `csc4402db`.`students` (`sid`, `fname`, `lname`, `sex`, `year`, `GPA`, `club`, `role`) VALUES (225129, 'Alastair', 'Fisher', 'M', 3, 1.4, 'Student Government', 'member');
INSERT INTO `csc4402db`.`students` (`sid`, `fname`, `lname`, `sex`, `year`, `GPA`, `club`, `role`) VALUES (225130, 'Kathleen', 'Fitzgerald', 'F', 2, 1.32, 'History', 'officer');
INSERT INTO `csc4402db`.`students` (`sid`, `fname`, `lname`, `sex`, `year`, `GPA`, `club`, `role`) VALUES (225131, 'Paula', 'Fleming', 'F', 4, 1.25, '4-H', 'member');
INSERT INTO `csc4402db`.`students` (`sid`, `fname`, `lname`, `sex`, `year`, `GPA`, `club`, `role`) VALUES (225132, 'Bryan', 'Fletcher', 'M', 1, 3.17, 'National Honors Society', 'officer');
INSERT INTO `csc4402db`.`students` (`sid`, `fname`, `lname`, `sex`, `year`, `GPA`, `club`, `role`) VALUES (225133, 'Marc', 'Flores', 'M', 3, 3.14, 'Student Government', 'officer');
INSERT INTO `csc4402db`.`students` (`sid`, `fname`, `lname`, `sex`, `year`, `GPA`, `club`, `role`) VALUES (225134, 'Shirley', 'Floyd', 'F', 1, 2.83, 'Mu Alpha Theta', 'president');
INSERT INTO `csc4402db`.`students` (`sid`, `fname`, `lname`, `sex`, `year`, `GPA`, `club`, `role`) VALUES (225135, 'Jamie', 'Flynn', 'M', 2, 3.17, 'Sports Journalism', 'member');
INSERT INTO `csc4402db`.`students` (`sid`, `fname`, `lname`, `sex`, `year`, `GPA`, `club`, `role`) VALUES (225136, 'Denise', 'Ford', 'F', 2, 2.33, 'NULL', 'NULL');
INSERT INTO `csc4402db`.`students` (`sid`, `fname`, `lname`, `sex`, `year`, `GPA`, `club`, `role`) VALUES (225137, 'Hugh', 'Foster', 'M', 1, 1.86, 'Yearbook', 'member');
INSERT INTO `csc4402db`.`students` (`sid`, `fname`, `lname`, `sex`, `year`, `GPA`, `club`, `role`) VALUES (225138, 'Euan', 'Fowler', 'M', 3, 2.12, 'FFA', 'member');
INSERT INTO `csc4402db`.`students` (`sid`, `fname`, `lname`, `sex`, `year`, `GPA`, `club`, `role`) VALUES (225139, 'Gerard', 'Fox', 'M', 2, 2.88, 'DECA', 'member');
INSERT INTO `csc4402db`.`students` (`sid`, `fname`, `lname`, `sex`, `year`, `GPA`, `club`, `role`) VALUES (225140, 'Sean', 'Francis', 'M', 2, 2.29, 'Robotics', 'member');
INSERT INTO `csc4402db`.`students` (`sid`, `fname`, `lname`, `sex`, `year`, `GPA`, `club`, `role`) VALUES (225141, 'Wayne', 'Frank', 'M', 2, 2.72, 'Science', 'member');
INSERT INTO `csc4402db`.`students` (`sid`, `fname`, `lname`, `sex`, `year`, `GPA`, `club`, `role`) VALUES (225142, 'Adam', 'Franklin', 'M', 2, 3.18, 'Newspaper', 'vice-president');
INSERT INTO `csc4402db`.`students` (`sid`, `fname`, `lname`, `sex`, `year`, `GPA`, `club`, `role`) VALUES (225143, 'Melanie', 'Frazier', 'F', 4, 1.65, 'Photography', 'member');
INSERT INTO `csc4402db`.`students` (`sid`, `fname`, `lname`, `sex`, `year`, `GPA`, `club`, `role`) VALUES (225144, 'Calum', 'Freeman', 'M', 3, 1.81, 'Band', 'president');
INSERT INTO `csc4402db`.`students` (`sid`, `fname`, `lname`, `sex`, `year`, `GPA`, `club`, `role`) VALUES (225145, 'Alasdair', 'French', 'M', 3, 3, 'Drama', 'member');
INSERT INTO `csc4402db`.`students` (`sid`, `fname`, `lname`, `sex`, `year`, `GPA`, `club`, `role`) VALUES (225146, 'Patricia', 'Fuller', 'F', 4, 2.67, 'Band', 'member');
INSERT INTO `csc4402db`.`students` (`sid`, `fname`, `lname`, `sex`, `year`, `GPA`, `club`, `role`) VALUES (225147, 'Audrey', 'Gallagher', 'F', 2, 2.95, 'Sports Journalism', 'member');
INSERT INTO `csc4402db`.`students` (`sid`, `fname`, `lname`, `sex`, `year`, `GPA`, `club`, `role`) VALUES (225148, 'Ruth', 'Garcia', 'F', 1, 2.2, 'DECA', 'vice-president');
INSERT INTO `csc4402db`.`students` (`sid`, `fname`, `lname`, `sex`, `year`, `GPA`, `club`, `role`) VALUES (225149, 'Robin', 'Gardner', 'M', 1, 3.73, 'Mu Alpha Theta', 'officer');
INSERT INTO `csc4402db`.`students` (`sid`, `fname`, `lname`, `sex`, `year`, `GPA`, `club`, `role`) VALUES (225150, 'Greig', 'Garner', 'M', 4, 1.27, 'Science', 'member');
INSERT INTO `csc4402db`.`students` (`sid`, `fname`, `lname`, `sex`, `year`, `GPA`, `club`, `role`) VALUES (225151, 'Jill', 'Garrett', 'F', 4, 3.93, 'Chess', 'member');
INSERT INTO `csc4402db`.`students` (`sid`, `fname`, `lname`, `sex`, `year`, `GPA`, `club`, `role`) VALUES (225152, 'Angus', 'Garza', 'M', 3, 3.8, 'Newspaper', 'member');
INSERT INTO `csc4402db`.`students` (`sid`, `fname`, `lname`, `sex`, `year`, `GPA`, `club`, `role`) VALUES (225153, 'Lee', 'George', 'F', 3, 2.2, 'National Honors Society', 'president');
INSERT INTO `csc4402db`.`students` (`sid`, `fname`, `lname`, `sex`, `year`, `GPA`, `club`, `role`) VALUES (225154, 'Leigh', 'Gibbs', 'F', 2, 1.84, 'Beta', 'member');
INSERT INTO `csc4402db`.`students` (`sid`, `fname`, `lname`, `sex`, `year`, `GPA`, `club`, `role`) VALUES (225155, 'Russell', 'Gibson', 'M', 3, 3.63, 'FFA', 'officer');
INSERT INTO `csc4402db`.`students` (`sid`, `fname`, `lname`, `sex`, `year`, `GPA`, `club`, `role`) VALUES (225156, 'Catriona', 'Gilbert', 'F', 2, 2.24, 'Beta', 'vice-president');
INSERT INTO `csc4402db`.`students` (`sid`, `fname`, `lname`, `sex`, `year`, `GPA`, `club`, `role`) VALUES (225157, 'Cameron', 'Gill', 'M', 3, 3.63, 'Broadcast Journalism', 'member');
INSERT INTO `csc4402db`.`students` (`sid`, `fname`, `lname`, `sex`, `year`, `GPA`, `club`, `role`) VALUES (225158, 'Rachel', 'Glover', 'F', 1, 2.29, 'Debate', 'member');
INSERT INTO `csc4402db`.`students` (`sid`, `fname`, `lname`, `sex`, `year`, `GPA`, `club`, `role`) VALUES (225159, 'Roderick', 'Gomez', 'M', 2, 1.37, 'Chess', 'member');
INSERT INTO `csc4402db`.`students` (`sid`, `fname`, `lname`, `sex`, `year`, `GPA`, `club`, `role`) VALUES (225160, 'Morag', 'Gonzales', 'F', 2, 2.95, 'Photography', 'member');
INSERT INTO `csc4402db`.`students` (`sid`, `fname`, `lname`, `sex`, `year`, `GPA`, `club`, `role`) VALUES (225161, 'Kirsten', 'Gonzalez', 'F', 2, 3.63, 'History', 'member');
INSERT INTO `csc4402db`.`students` (`sid`, `fname`, `lname`, `sex`, `year`, `GPA`, `club`, `role`) VALUES (225162, 'Norman', 'Goodman', 'M', 1, 1.86, 'FCA', 'officer');
INSERT INTO `csc4402db`.`students` (`sid`, `fname`, `lname`, `sex`, `year`, `GPA`, `club`, `role`) VALUES (225163, 'Murray', 'Goodwin', 'M', 3, 1.19, 'FFA', 'vice-president');
INSERT INTO `csc4402db`.`students` (`sid`, `fname`, `lname`, `sex`, `year`, `GPA`, `club`, `role`) VALUES (225164, 'Kirsteen', 'Gordon', 'F', 4, 1.94, 'Broadcast Journalism', 'member');
INSERT INTO `csc4402db`.`students` (`sid`, `fname`, `lname`, `sex`, `year`, `GPA`, `club`, `role`) VALUES (225165, 'Katrina', 'Graham', 'F', 2, 3.8, 'Yearbook', 'member');
INSERT INTO `csc4402db`.`students` (`sid`, `fname`, `lname`, `sex`, `year`, `GPA`, `club`, `role`) VALUES (225166, 'Joanna', 'Grant', 'F', 3, 3.41, 'FFA', 'member');
INSERT INTO `csc4402db`.`students` (`sid`, `fname`, `lname`, `sex`, `year`, `GPA`, `club`, `role`) VALUES (225167, 'Lynsey', 'Graves', 'F', 1, 3.52, 'Sports Journalism', 'vice-president');
INSERT INTO `csc4402db`.`students` (`sid`, `fname`, `lname`, `sex`, `year`, `GPA`, `club`, `role`) VALUES (225168, 'Cheryl', 'Gray', 'F', 4, 1.35, 'Chess', 'member');
INSERT INTO `csc4402db`.`students` (`sid`, `fname`, `lname`, `sex`, `year`, `GPA`, `club`, `role`) VALUES (225169, 'Gareth', 'Green', 'M', 3, 3.97, 'Chess', 'president');
INSERT INTO `csc4402db`.`students` (`sid`, `fname`, `lname`, `sex`, `year`, `GPA`, `club`, `role`) VALUES (225170, 'Dean', 'Greene', 'M', 4, 1.07, 'DECA', 'member');
INSERT INTO `csc4402db`.`students` (`sid`, `fname`, `lname`, `sex`, `year`, `GPA`, `club`, `role`) VALUES (225171, 'Debbie', 'Gregory', 'F', 4, 2.18, 'eSports', 'member');
INSERT INTO `csc4402db`.`students` (`sid`, `fname`, `lname`, `sex`, `year`, `GPA`, `club`, `role`) VALUES (225172, 'Eric', 'Griffin', 'M', 3, 1.87, 'NULL', 'NULL');
INSERT INTO `csc4402db`.`students` (`sid`, `fname`, `lname`, `sex`, `year`, `GPA`, `club`, `role`) VALUES (225173, 'Maureen', 'Griffith', 'F', 3, 3.57, 'Student Government', 'member');
INSERT INTO `csc4402db`.`students` (`sid`, `fname`, `lname`, `sex`, `year`, `GPA`, `club`, `role`) VALUES (225174, 'Janet', 'Gross', 'F', 3, 3.66, 'Debate', 'president');
INSERT INTO `csc4402db`.`students` (`sid`, `fname`, `lname`, `sex`, `year`, `GPA`, `club`, `role`) VALUES (225175, 'Aileen', 'Guerrero', 'F', 1, 2.87, 'NULL', 'NULL');
INSERT INTO `csc4402db`.`students` (`sid`, `fname`, `lname`, `sex`, `year`, `GPA`, `club`, `role`) VALUES (225176, 'Adrian', 'Gutierrez', 'M', 2, 3.44, 'Sports Journalism', 'officer');
INSERT INTO `csc4402db`.`students` (`sid`, `fname`, `lname`, `sex`, `year`, `GPA`, `club`, `role`) VALUES (225177, 'Arlene', 'Guzman', 'F', 2, 2.72, 'Student Government', 'member');
INSERT INTO `csc4402db`.`students` (`sid`, `fname`, `lname`, `sex`, `year`, `GPA`, `club`, `role`) VALUES (225178, 'Zoe', 'Hale', 'F', 3, 1.76, 'FFA', 'member');
INSERT INTO `csc4402db`.`students` (`sid`, `fname`, `lname`, `sex`, `year`, `GPA`, `club`, `role`) VALUES (225179, 'Lindsay', 'Hall', 'F', 4, 2.99, 'Music', 'officer');
INSERT INTO `csc4402db`.`students` (`sid`, `fname`, `lname`, `sex`, `year`, `GPA`, `club`, `role`) VALUES (225180, 'Stephanie', 'Hamilton', 'F', 4, 3.32, 'Debate', 'member');
INSERT INTO `csc4402db`.`students` (`sid`, `fname`, `lname`, `sex`, `year`, `GPA`, `club`, `role`) VALUES (225181, 'Judith', 'Hammond', 'F', 2, 3.38, 'Yearbook', 'member');
INSERT INTO `csc4402db`.`students` (`sid`, `fname`, `lname`, `sex`, `year`, `GPA`, `club`, `role`) VALUES (225182, 'Gregor', 'Hampton', 'M', 2, 3.17, 'Music', 'member');
INSERT INTO `csc4402db`.`students` (`sid`, `fname`, `lname`, `sex`, `year`, `GPA`, `club`, `role`) VALUES (225183, 'Mandy', 'Hansen', 'F', 3, 2.8, 'Beta', 'officer');
INSERT INTO `csc4402db`.`students` (`sid`, `fname`, `lname`, `sex`, `year`, `GPA`, `club`, `role`) VALUES (225184, 'Jillian', 'Hanson', 'F', 1, 2.97, 'History', 'member');
INSERT INTO `csc4402db`.`students` (`sid`, `fname`, `lname`, `sex`, `year`, `GPA`, `club`, `role`) VALUES (225185, 'Mhairi', 'Hardy', 'F', 4, 2.72, 'History', 'member');
INSERT INTO `csc4402db`.`students` (`sid`, `fname`, `lname`, `sex`, `year`, `GPA`, `club`, `role`) VALUES (225186, 'Samuel', 'Harmon', 'M', 3, 1.73, 'NULL', 'NULL');
INSERT INTO `csc4402db`.`students` (`sid`, `fname`, `lname`, `sex`, `year`, `GPA`, `club`, `role`) VALUES (225187, 'Gerald', 'Harper', 'M', 1, 1.21, 'eSports', 'vice-president');
INSERT INTO `csc4402db`.`students` (`sid`, `fname`, `lname`, `sex`, `year`, `GPA`, `club`, `role`) VALUES (225188, 'Henry', 'Harrington', 'M', 3, 1.92, 'Music', 'member');
INSERT INTO `csc4402db`.`students` (`sid`, `fname`, `lname`, `sex`, `year`, `GPA`, `club`, `role`) VALUES (225189, 'Justin', 'Harris', 'M', 4, 1.75, 'Student Government', 'member');
INSERT INTO `csc4402db`.`students` (`sid`, `fname`, `lname`, `sex`, `year`, `GPA`, `club`, `role`) VALUES (225190, 'Benjamin', 'Harrison', 'M', 3, 2.84, 'Yearbook', 'member');
INSERT INTO `csc4402db`.`students` (`sid`, `fname`, `lname`, `sex`, `year`, `GPA`, `club`, `role`) VALUES (225191, 'Shaun', 'Hart', 'M', 3, 1.27, 'Mu Alpha Theta', 'member');
INSERT INTO `csc4402db`.`students` (`sid`, `fname`, `lname`, `sex`, `year`, `GPA`, `club`, `role`) VALUES (225192, 'Barbara', 'Hartman', 'F', 4, 2.81, 'NULL', 'NULL');
INSERT INTO `csc4402db`.`students` (`sid`, `fname`, `lname`, `sex`, `year`, `GPA`, `club`, `role`) VALUES (225193, 'Callum', 'Harvey', 'M', 4, 2.76, 'National Honors Society', 'member');
INSERT INTO `csc4402db`.`students` (`sid`, `fname`, `lname`, `sex`, `year`, `GPA`, `club`, `role`) VALUES (225194, 'Campbell', 'Hawkins', 'M', 3, 3.85, 'NULL', 'NULL');
INSERT INTO `csc4402db`.`students` (`sid`, `fname`, `lname`, `sex`, `year`, `GPA`, `club`, `role`) VALUES (225195, 'Carolyn', 'Hayes', 'F', 2, 2.89, 'Book', 'member');
INSERT INTO `csc4402db`.`students` (`sid`, `fname`, `lname`, `sex`, `year`, `GPA`, `club`, `role`) VALUES (225196, 'Gayle', 'Haynes', 'F', 1, 1.34, 'Yearbook', 'vice-president');
INSERT INTO `csc4402db`.`students` (`sid`, `fname`, `lname`, `sex`, `year`, `GPA`, `club`, `role`) VALUES (225197, 'Maria', 'Henderson', 'F', 2, 3.7, 'Science', 'member');
INSERT INTO `csc4402db`.`students` (`sid`, `fname`, `lname`, `sex`, `year`, `GPA`, `club`, `role`) VALUES (225198, 'Frank', 'Henry', 'M', 3, 3.67, 'Chess', 'member');
INSERT INTO `csc4402db`.`students` (`sid`, `fname`, `lname`, `sex`, `year`, `GPA`, `club`, `role`) VALUES (225199, 'Valerie', 'Hernandez', 'F', 1, 3.98, 'eSports', 'member');
INSERT INTO `csc4402db`.`students` (`sid`, `fname`, `lname`, `sex`, `year`, `GPA`, `club`, `role`) VALUES (225200, 'Christina', 'Herrera', 'F', 1, 1.88, 'FFA', 'member');
INSERT INTO `csc4402db`.`students` (`sid`, `fname`, `lname`, `sex`, `year`, `GPA`, `club`, `role`) VALUES (225201, 'Roy', 'Hicks', 'M', 2, 3.54, 'Yearbook', 'member');
INSERT INTO `csc4402db`.`students` (`sid`, `fname`, `lname`, `sex`, `year`, `GPA`, `club`, `role`) VALUES (225202, 'Timothy', 'Higgins', 'M', 1, 1.34, 'Robotics', 'officer');
INSERT INTO `csc4402db`.`students` (`sid`, `fname`, `lname`, `sex`, `year`, `GPA`, `club`, `role`) VALUES (225203, 'Marion', 'Hill', 'F', 4, 1.83, 'Debate', 'member');
INSERT INTO `csc4402db`.`students` (`sid`, `fname`, `lname`, `sex`, `year`, `GPA`, `club`, `role`) VALUES (225204, 'Nicola', 'Hines', 'F', 4, 2.42, 'Beta', 'member');
INSERT INTO `csc4402db`.`students` (`sid`, `fname`, `lname`, `sex`, `year`, `GPA`, `club`, `role`) VALUES (225205, 'Karen', 'Hodges', 'F', 3, 1.18, 'Music', 'member');
INSERT INTO `csc4402db`.`students` (`sid`, `fname`, `lname`, `sex`, `year`, `GPA`, `club`, `role`) VALUES (225206, 'David', 'Hoffman', 'M', 1, 2.91, 'Science', 'vice-president');
INSERT INTO `csc4402db`.`students` (`sid`, `fname`, `lname`, `sex`, `year`, `GPA`, `club`, `role`) VALUES (225207, 'Susan', 'Hogan', 'F', 2, 2.71, 'Science', 'member');
INSERT INTO `csc4402db`.`students` (`sid`, `fname`, `lname`, `sex`, `year`, `GPA`, `club`, `role`) VALUES (225208, 'John', 'Holland', 'M', 2, 2.28, 'National Honors Society', 'member');
INSERT INTO `csc4402db`.`students` (`sid`, `fname`, `lname`, `sex`, `year`, `GPA`, `club`, `role`) VALUES (225209, 'Claire', 'Holmes', 'F', 4, 2.38, 'Broadcast Journalism', 'member');
INSERT INTO `csc4402db`.`students` (`sid`, `fname`, `lname`, `sex`, `year`, `GPA`, `club`, `role`) VALUES (225210, 'Paul', 'Holt', 'M', 1, 1.96, 'Mu Alpha Theta', 'member');
INSERT INTO `csc4402db`.`students` (`sid`, `fname`, `lname`, `sex`, `year`, `GPA`, `club`, `role`) VALUES (225211, 'James', 'Hopkins', 'M', 2, 1.74, 'Photography', 'officer');
INSERT INTO `csc4402db`.`students` (`sid`, `fname`, `lname`, `sex`, `year`, `GPA`, `club`, `role`) VALUES (225212, 'Mark', 'Horton', 'M', 1, 1.64, 'Debate', 'member');
INSERT INTO `csc4402db`.`students` (`sid`, `fname`, `lname`, `sex`, `year`, `GPA`, `club`, `role`) VALUES (225213, 'Scott', 'Howard', 'M', 2, 4, 'DECA', 'officer');
INSERT INTO `csc4402db`.`students` (`sid`, `fname`, `lname`, `sex`, `year`, `GPA`, `club`, `role`) VALUES (225214, 'Fiona', 'Howell', 'F', 3, 1.85, 'FCA', 'president');
INSERT INTO `csc4402db`.`students` (`sid`, `fname`, `lname`, `sex`, `year`, `GPA`, `club`, `role`) VALUES (225215, 'Angela', 'Hubbard', 'F', 3, 2.01, 'Book', 'member');
INSERT INTO `csc4402db`.`students` (`sid`, `fname`, `lname`, `sex`, `year`, `GPA`, `club`, `role`) VALUES (225216, 'Sharon', 'Hudson', 'F', 4, 2.54, 'eSports', 'president');
INSERT INTO `csc4402db`.`students` (`sid`, `fname`, `lname`, `sex`, `year`, `GPA`, `club`, `role`) VALUES (225217, 'Gillian', 'Hughes', 'F', 2, 2.03, 'eSports', 'member');
INSERT INTO `csc4402db`.`students` (`sid`, `fname`, `lname`, `sex`, `year`, `GPA`, `club`, `role`) VALUES (225218, 'Andrew', 'Hunt', 'M', 2, 2.67, 'History', 'member');
INSERT INTO `csc4402db`.`students` (`sid`, `fname`, `lname`, `sex`, `year`, `GPA`, `club`, `role`) VALUES (225219, 'Julie', 'Hunter', 'F', 3, 4, 'NULL', 'NULL');
INSERT INTO `csc4402db`.`students` (`sid`, `fname`, `lname`, `sex`, `year`, `GPA`, `club`, `role`) VALUES (225220, 'Steven', 'Ingram', 'M', 2, 1.43, 'FFA', 'officer');
INSERT INTO `csc4402db`.`students` (`sid`, `fname`, `lname`, `sex`, `year`, `GPA`, `club`, `role`) VALUES (225221, 'Robert', 'Jackson', 'M', 1, 3.81, 'Newspaper', 'president');
INSERT INTO `csc4402db`.`students` (`sid`, `fname`, `lname`, `sex`, `year`, `GPA`, `club`, `role`) VALUES (225222, 'Jennifer', 'Jacobs', 'F', 4, 1.21, 'Sports Journalism', 'member');
INSERT INTO `csc4402db`.`students` (`sid`, `fname`, `lname`, `sex`, `year`, `GPA`, `club`, `role`) VALUES (225223, 'Stephen', 'James', 'M', 4, 3.63, 'Drama', 'member');
INSERT INTO `csc4402db`.`students` (`sid`, `fname`, `lname`, `sex`, `year`, `GPA`, `club`, `role`) VALUES (225224, 'Craig', 'Jenkins', 'M', 2, 1.61, 'Band', 'vice-president');
INSERT INTO `csc4402db`.`students` (`sid`, `fname`, `lname`, `sex`, `year`, `GPA`, `club`, `role`) VALUES (225225, 'Christopher', 'Jennings', 'M', 2, 2.56, 'FCA', 'member');
INSERT INTO `csc4402db`.`students` (`sid`, `fname`, `lname`, `sex`, `year`, `GPA`, `club`, `role`) VALUES (225226, 'Michelle', 'Jensen', 'F', 2, 1.81, 'Broadcast Journalism', 'president');
INSERT INTO `csc4402db`.`students` (`sid`, `fname`, `lname`, `sex`, `year`, `GPA`, `club`, `role`) VALUES (225227, 'Alan', 'Jimenez', 'M', 2, 3.5, 'Broadcast Journalism', 'member');
INSERT INTO `csc4402db`.`students` (`sid`, `fname`, `lname`, `sex`, `year`, `GPA`, `club`, `role`) VALUES (225228, 'Michael', 'Johnson', 'M', 2, 1.82, 'Newspaper', 'member');
INSERT INTO `csc4402db`.`students` (`sid`, `fname`, `lname`, `sex`, `year`, `GPA`, `club`, `role`) VALUES (225229, 'Stuart', 'Johnston', 'M', 1, 3.85, 'Science', 'member');
INSERT INTO `csc4402db`.`students` (`sid`, `fname`, `lname`, `sex`, `year`, `GPA`, `club`, `role`) VALUES (225230, 'Louise', 'Jones', 'F', 4, 1.88, 'Newspaper', 'member');
INSERT INTO `csc4402db`.`students` (`sid`, `fname`, `lname`, `sex`, `year`, `GPA`, `club`, `role`) VALUES (225231, 'Lisa', 'Jordan', 'F', 1, 1.57, 'eSports', 'member');
INSERT INTO `csc4402db`.`students` (`sid`, `fname`, `lname`, `sex`, `year`, `GPA`, `club`, `role`) VALUES (225232, 'Amanda', 'Joseph', 'F', 2, 2.27, 'Drama', 'vice-president');
INSERT INTO `csc4402db`.`students` (`sid`, `fname`, `lname`, `sex`, `year`, `GPA`, `club`, `role`) VALUES (225233, 'Donna', 'Juarez', 'F', 3, 1.51, 'Robotics', 'member');
INSERT INTO `csc4402db`.`students` (`sid`, `fname`, `lname`, `sex`, `year`, `GPA`, `club`, `role`) VALUES (225234, 'William', 'Keller', 'M', 3, 1.87, 'Debate', 'officer');
INSERT INTO `csc4402db`.`students` (`sid`, `fname`, `lname`, `sex`, `year`, `GPA`, `club`, `role`) VALUES (225235, 'Kevin', 'Kelley', 'M', 3, 1.34, 'Book', 'president');
INSERT INTO `csc4402db`.`students` (`sid`, `fname`, `lname`, `sex`, `year`, `GPA`, `club`, `role`) VALUES (225236, 'Tracy', 'Kelly', 'F', 2, 1.49, 'Yearbook', 'member');
INSERT INTO `csc4402db`.`students` (`sid`, `fname`, `lname`, `sex`, `year`, `GPA`, `club`, `role`) VALUES (225237, 'Colin', 'Kennedy', 'M', 4, 2.6, 'Drama', 'member');
INSERT INTO `csc4402db`.`students` (`sid`, `fname`, `lname`, `sex`, `year`, `GPA`, `club`, `role`) VALUES (225238, 'Brian', 'Kim', 'M', 2, 3.87, 'Broadcast Journalism', 'member');
INSERT INTO `csc4402db`.`students` (`sid`, `fname`, `lname`, `sex`, `year`, `GPA`, `club`, `role`) VALUES (225239, 'Alison', 'King', 'F', 4, 1.29, 'Student Government', 'officer');
INSERT INTO `csc4402db`.`students` (`sid`, `fname`, `lname`, `sex`, `year`, `GPA`, `club`, `role`) VALUES (225240, 'Elaine', 'Klein', 'F', 3, 1.98, 'Debate', 'vice-president');
INSERT INTO `csc4402db`.`students` (`sid`, `fname`, `lname`, `sex`, `year`, `GPA`, `club`, `role`) VALUES (225241, 'Jacqueline', 'Knight', 'F', 2, 1.67, 'FCA', 'member');
INSERT INTO `csc4402db`.`students` (`sid`, `fname`, `lname`, `sex`, `year`, `GPA`, `club`, `role`) VALUES (225242, 'Sarah', 'Kramer', 'F', 2, 1.89, 'Broadcast Journalism', 'officer');
INSERT INTO `csc4402db`.`students` (`sid`, `fname`, `lname`, `sex`, `year`, `GPA`, `club`, `role`) VALUES (225243, 'Caroline', 'Lambert', 'F', 3, 3.75, 'NULL', 'NULL');
INSERT INTO `csc4402db`.`students` (`sid`, `fname`, `lname`, `sex`, `year`, `GPA`, `club`, `role`) VALUES (225244, 'Elizabeth', 'Lane', 'F', 4, 1.39, 'Mu Alpha Theta', 'member');
INSERT INTO `csc4402db`.`students` (`sid`, `fname`, `lname`, `sex`, `year`, `GPA`, `club`, `role`) VALUES (225245, 'Laura', 'Lang', 'F', 2, 3.18, 'Chess', 'member');
INSERT INTO `csc4402db`.`students` (`sid`, `fname`, `lname`, `sex`, `year`, `GPA`, `club`, `role`) VALUES (225246, 'Lynn', 'Larson', 'F', 1, 2.9, 'Drama', 'president');
INSERT INTO `csc4402db`.`students` (`sid`, `fname`, `lname`, `sex`, `year`, `GPA`, `club`, `role`) VALUES (225247, 'Deborah', 'Lawrence', 'F', 3, 3.57, 'NULL', 'NULL');
INSERT INTO `csc4402db`.`students` (`sid`, `fname`, `lname`, `sex`, `year`, `GPA`, `club`, `role`) VALUES (225248, 'Derek', 'Lawson', 'M', 4, 3.45, 'Newspaper', 'officer');
INSERT INTO `csc4402db`.`students` (`sid`, `fname`, `lname`, `sex`, `year`, `GPA`, `club`, `role`) VALUES (225249, 'Lesley', 'Le', 'F', 2, 2.23, 'National Honors Society', 'member');
INSERT INTO `csc4402db`.`students` (`sid`, `fname`, `lname`, `sex`, `year`, `GPA`, `club`, `role`) VALUES (225250, 'Neil', 'Lee', 'M', 4, 3.49, 'DECA', 'member');
INSERT INTO `csc4402db`.`students` (`sid`, `fname`, `lname`, `sex`, `year`, `GPA`, `club`, `role`) VALUES (225251, 'Richard', 'Leon', 'M', 2, 1.91, 'Band', 'officer');
INSERT INTO `csc4402db`.`students` (`sid`, `fname`, `lname`, `sex`, `year`, `GPA`, `club`, `role`) VALUES (225252, 'Gary', 'Leonard', 'M', 3, 2.13, 'Newspaper', 'member');
INSERT INTO `csc4402db`.`students` (`sid`, `fname`, `lname`, `sex`, `year`, `GPA`, `club`, `role`) VALUES (225253, 'Barry', 'Lewis', 'M', 3, 1.56, 'National Honors Society', 'member');
INSERT INTO `csc4402db`.`students` (`sid`, `fname`, `lname`, `sex`, `year`, `GPA`, `club`, `role`) VALUES (225254, 'Margaret', 'Lindsey', 'F', 3, 1.32, 'Band', 'member');
INSERT INTO `csc4402db`.`students` (`sid`, `fname`, `lname`, `sex`, `year`, `GPA`, `club`, `role`) VALUES (225255, 'Martin', 'Little', 'M', 1, 1.62, 'Beta', 'member');
INSERT INTO `csc4402db`.`students` (`sid`, `fname`, `lname`, `sex`, `year`, `GPA`, `club`, `role`) VALUES (225256, 'Joanne', 'Lloyd', 'F', 1, 1.86, 'Book', 'officer');
INSERT INTO `csc4402db`.`students` (`sid`, `fname`, `lname`, `sex`, `year`, `GPA`, `club`, `role`) VALUES (225257, 'Thomas', 'Logan', 'M', 2, 3.28, 'Mu Alpha Theta', 'member');
INSERT INTO `csc4402db`.`students` (`sid`, `fname`, `lname`, `sex`, `year`, `GPA`, `club`, `role`) VALUES (225258, 'Pauline', 'Long', 'F', 2, 3.36, 'Chess', 'officer');
INSERT INTO `csc4402db`.`students` (`sid`, `fname`, `lname`, `sex`, `year`, `GPA`, `club`, `role`) VALUES (225259, 'Lorraine', 'Lopez', 'F', 3, 2.52, 'Yearbook', 'member');
INSERT INTO `csc4402db`.`students` (`sid`, `fname`, `lname`, `sex`, `year`, `GPA`, `club`, `role`) VALUES (225260, 'Carol', 'Love', 'F', 4, 2.78, 'DECA', 'member');
INSERT INTO `csc4402db`.`students` (`sid`, `fname`, `lname`, `sex`, `year`, `GPA`, `club`, `role`) VALUES (225261, 'Kirsty', 'Lowe', 'F', 1, 3.26, 'Music', 'member');
INSERT INTO `csc4402db`.`students` (`sid`, `fname`, `lname`, `sex`, `year`, `GPA`, `club`, `role`) VALUES (225262, 'Ian', 'Lucas', 'M', 2, 1.09, 'Yearbook', 'officer');
INSERT INTO `csc4402db`.`students` (`sid`, `fname`, `lname`, `sex`, `year`, `GPA`, `club`, `role`) VALUES (225263, 'Yvonne', 'Luna', 'F', 2, 2.15, 'Book', 'member');
INSERT INTO `csc4402db`.`students` (`sid`, `fname`, `lname`, `sex`, `year`, `GPA`, `club`, `role`) VALUES (225264, 'Gordon', 'Lynch', 'M', 2, 2.43, 'Photography', 'member');
INSERT INTO `csc4402db`.`students` (`sid`, `fname`, `lname`, `sex`, `year`, `GPA`, `club`, `role`) VALUES (225265, 'Lorna', 'Lyons', 'F', 2, 1.27, 'Photography', 'president');
INSERT INTO `csc4402db`.`students` (`sid`, `fname`, `lname`, `sex`, `year`, `GPA`, `club`, `role`) VALUES (225266, 'Emma', 'Mack', 'F', 3, 1.51, 'Drama', 'member');
INSERT INTO `csc4402db`.`students` (`sid`, `fname`, `lname`, `sex`, `year`, `GPA`, `club`, `role`) VALUES (225267, 'Kenneth', 'Maldonado', 'M', 2, 2.96, 'Book', 'member');
INSERT INTO `csc4402db`.`students` (`sid`, `fname`, `lname`, `sex`, `year`, `GPA`, `club`, `role`) VALUES (225268, 'Alexander', 'Malone', 'M', 1, 1.69, 'History', 'member');
INSERT INTO `csc4402db`.`students` (`sid`, `fname`, `lname`, `sex`, `year`, `GPA`, `club`, `role`) VALUES (225269, 'Graeme', 'Mann', 'M', 3, 2.9, 'Beta', 'member');
INSERT INTO `csc4402db`.`students` (`sid`, `fname`, `lname`, `sex`, `year`, `GPA`, `club`, `role`) VALUES (225270, 'Peter', 'Manning', 'M', 4, 2.42, '4-H', 'president');
INSERT INTO `csc4402db`.`students` (`sid`, `fname`, `lname`, `sex`, `year`, `GPA`, `club`, `role`) VALUES (225271, 'Iain', 'Marquez', 'M', 3, 3.43, 'Drama', 'member');
INSERT INTO `csc4402db`.`students` (`sid`, `fname`, `lname`, `sex`, `year`, `GPA`, `club`, `role`) VALUES (225272, 'Lynne', 'Marsh', 'F', 1, 1.76, 'Band', 'member');
INSERT INTO `csc4402db`.`students` (`sid`, `fname`, `lname`, `sex`, `year`, `GPA`, `club`, `role`) VALUES (225273, 'Tracey', 'Marshall', 'F', 2, 1.26, 'eSports', 'officer');
INSERT INTO `csc4402db`.`students` (`sid`, `fname`, `lname`, `sex`, `year`, `GPA`, `club`, `role`) VALUES (225274, 'Graham', 'Martin', 'M', 1, 1.8, 'Student Government', 'member');
INSERT INTO `csc4402db`.`students` (`sid`, `fname`, `lname`, `sex`, `year`, `GPA`, `club`, `role`) VALUES (225275, 'Jason', 'Martinez', 'M', 1, 2.53, 'Yearbook', 'member');
INSERT INTO `csc4402db`.`students` (`sid`, `fname`, `lname`, `sex`, `year`, `GPA`, `club`, `role`) VALUES (225276, 'Heather', 'Mason', 'F', 3, 2.91, 'Student Government', 'vice-president');
INSERT INTO `csc4402db`.`students` (`sid`, `fname`, `lname`, `sex`, `year`, `GPA`, `club`, `role`) VALUES (225277, 'George', 'Matthews', 'M', 2, 1.24, 'Book', 'officer');
INSERT INTO `csc4402db`.`students` (`sid`, `fname`, `lname`, `sex`, `year`, `GPA`, `club`, `role`) VALUES (225278, 'Allan', 'Maxwell', 'M', 4, 1.07, 'FCA', 'member');
INSERT INTO `csc4402db`.`students` (`sid`, `fname`, `lname`, `sex`, `year`, `GPA`, `club`, `role`) VALUES (225279, 'Catherine', 'May', 'F', 2, 1.61, 'History', 'member');
INSERT INTO `csc4402db`.`students` (`sid`, `fname`, `lname`, `sex`, `year`, `GPA`, `club`, `role`) VALUES (225280, 'Keith', 'Mcbride', 'M', 2, 2.69, 'NULL', 'NULL');
INSERT INTO `csc4402db`.`students` (`sid`, `fname`, `lname`, `sex`, `year`, `GPA`, `club`, `role`) VALUES (225281, 'Darren', 'Mccarthy', 'M', 1, 1.43, 'Band', 'member');
INSERT INTO `csc4402db`.`students` (`sid`, `fname`, `lname`, `sex`, `year`, `GPA`, `club`, `role`) VALUES (225282, 'Simon', 'Mccormick', 'M', 4, 1.55, 'Robotics', 'member');
INSERT INTO `csc4402db`.`students` (`sid`, `fname`, `lname`, `sex`, `year`, `GPA`, `club`, `role`) VALUES (225283, 'Douglas', 'Mccoy', 'M', 1, 1.08, 'Yearbook', 'member');
INSERT INTO `csc4402db`.`students` (`sid`, `fname`, `lname`, `sex`, `year`, `GPA`, `club`, `role`) VALUES (225284, 'Pamela', 'Mcdaniel', 'F', 2, 2.71, 'Mu Alpha Theta', 'member');
INSERT INTO `csc4402db`.`students` (`sid`, `fname`, `lname`, `sex`, `year`, `GPA`, `club`, `role`) VALUES (225285, 'Ross', 'Mcdonald', 'M', 3, 3.53, 'NULL', 'NULL');
INSERT INTO `csc4402db`.`students` (`sid`, `fname`, `lname`, `sex`, `year`, `GPA`, `club`, `role`) VALUES (225286, 'Helen', 'Mcgee', 'F', 1, 3.56, 'Beta', 'officer');
INSERT INTO `csc4402db`.`students` (`sid`, `fname`, `lname`, `sex`, `year`, `GPA`, `club`, `role`) VALUES (225287, 'Stewart', 'Mcguire', 'M', 4, 1.62, 'Student Government', 'member');
INSERT INTO `csc4402db`.`students` (`sid`, `fname`, `lname`, `sex`, `year`, `GPA`, `club`, `role`) VALUES (225288, 'Linda', 'Mckinney', 'F', 4, 2.39, 'Music', 'member');
INSERT INTO `csc4402db`.`students` (`sid`, `fname`, `lname`, `sex`, `year`, `GPA`, `club`, `role`) VALUES (225289, 'Jane', 'Mclaughlin', 'F', 2, 2.32, 'Yearbook', 'member');
INSERT INTO `csc4402db`.`students` (`sid`, `fname`, `lname`, `sex`, `year`, `GPA`, `club`, `role`) VALUES (225290, 'Anne', 'Medina', 'F', 2, 1.04, 'Mu Alpha Theta', 'member');
INSERT INTO `csc4402db`.`students` (`sid`, `fname`, `lname`, `sex`, `year`, `GPA`, `club`, `role`) VALUES (225291, 'Lee', 'Mejia', 'M', 2, 3.41, 'Robotics', 'president');
INSERT INTO `csc4402db`.`students` (`sid`, `fname`, `lname`, `sex`, `year`, `GPA`, `club`, `role`) VALUES (225292, 'Kerry', 'Mendez', 'F', 2, 1.45, 'Music', 'vice-president');
INSERT INTO `csc4402db`.`students` (`sid`, `fname`, `lname`, `sex`, `year`, `GPA`, `club`, `role`) VALUES (225293, 'Suzanne', 'Mendoza', 'F', 3, 2.83, 'History', 'member');
INSERT INTO `csc4402db`.`students` (`sid`, `fname`, `lname`, `sex`, `year`, `GPA`, `club`, `role`) VALUES (225294, 'Grant', 'Meyer', 'M', 3, 3.68, 'NULL', 'NULL');
INSERT INTO `csc4402db`.`students` (`sid`, `fname`, `lname`, `sex`, `year`, `GPA`, `club`, `role`) VALUES (225295, 'Nicholas', 'Miles', 'M', 3, 1.84, 'Book', 'member');
INSERT INTO `csc4402db`.`students` (`sid`, `fname`, `lname`, `sex`, `year`, `GPA`, `club`, `role`) VALUES (225296, 'Joseph', 'Miller', 'M', 1, 2.16, 'Sports Journalism', 'member');
INSERT INTO `csc4402db`.`students` (`sid`, `fname`, `lname`, `sex`, `year`, `GPA`, `club`, `role`) VALUES (225297, 'Wendy', 'Mills', 'F', 2, 3.17, 'DECA', 'member');
INSERT INTO `csc4402db`.`students` (`sid`, `fname`, `lname`, `sex`, `year`, `GPA`, `club`, `role`) VALUES (225298, 'Gavin', 'Miranda', 'M', 2, 3.06, 'Music', 'member');
INSERT INTO `csc4402db`.`students` (`sid`, `fname`, `lname`, `sex`, `year`, `GPA`, `club`, `role`) VALUES (225299, 'Victoria', 'Mitchell', 'F', 2, 2.01, 'FFA', 'member');
INSERT INTO `csc4402db`.`students` (`sid`, `fname`, `lname`, `sex`, `year`, `GPA`, `club`, `role`) VALUES (225300, 'Anthony', 'Molina', 'M', 3, 2.81, 'Debate', 'member');
INSERT INTO `csc4402db`.`students` (`sid`, `fname`, `lname`, `sex`, `year`, `GPA`, `club`, `role`) VALUES (225301, 'Jonathan', 'Montgomery', 'M', 3, 1.62, 'Mu Alpha Theta', 'member');
INSERT INTO `csc4402db`.`students` (`sid`, `fname`, `lname`, `sex`, `year`, `GPA`, `club`, `role`) VALUES (225302, 'Diane', 'Moody', 'F', 1, 3.37, 'National Honors Society', 'officer');
INSERT INTO `csc4402db`.`students` (`sid`, `fname`, `lname`, `sex`, `year`, `GPA`, `club`, `role`) VALUES (225303, 'Mary', 'Moore', 'F', 1, 1.96, 'Music', 'member');
INSERT INTO `csc4402db`.`students` (`sid`, `fname`, `lname`, `sex`, `year`, `GPA`, `club`, `role`) VALUES (225304, 'Daniel', 'Morales', 'M', 2, 1.66, 'Photography', 'member');
INSERT INTO `csc4402db`.`students` (`sid`, `fname`, `lname`, `sex`, `year`, `GPA`, `club`, `role`) VALUES (225305, 'Dawn', 'Moran', 'F', 2, 1.95, 'Mu Alpha Theta', 'member');
INSERT INTO `csc4402db`.`students` (`sid`, `fname`, `lname`, `sex`, `year`, `GPA`, `club`, `role`) VALUES (225306, 'Fraser', 'Moreno', 'M', 2, 3.9, 'Student Government', 'officer');
INSERT INTO `csc4402db`.`students` (`sid`, `fname`, `lname`, `sex`, `year`, `GPA`, `club`, `role`) VALUES (225307, 'Matthew', 'Morgan', 'M', 2, 1.56, 'Yearbook', 'officer');
INSERT INTO `csc4402db`.`students` (`sid`, `fname`, `lname`, `sex`, `year`, `GPA`, `club`, `role`) VALUES (225308, 'Clare', 'Morris', 'F', 1, 1.62, 'Debate', 'member');
INSERT INTO `csc4402db`.`students` (`sid`, `fname`, `lname`, `sex`, `year`, `GPA`, `club`, `role`) VALUES (225309, 'Gail', 'Morrison', 'F', 2, 2.44, 'DECA', 'officer');
INSERT INTO `csc4402db`.`students` (`sid`, `fname`, `lname`, `sex`, `year`, `GPA`, `club`, `role`) VALUES (225310, 'Donald', 'Moss', 'M', 2, 3.47, 'eSports', 'member');
INSERT INTO `csc4402db`.`students` (`sid`, `fname`, `lname`, `sex`, `year`, `GPA`, `club`, `role`) VALUES (225311, 'Paula', 'Mueller', 'F', 4, 2.17, 'Newspaper', 'member');
INSERT INTO `csc4402db`.`students` (`sid`, `fname`, `lname`, `sex`, `year`, `GPA`, `club`, `role`) VALUES (225312, 'Malcolm', 'Mullins', 'M', 1, 1.88, 'NULL', 'NULL');
INSERT INTO `csc4402db`.`students` (`sid`, `fname`, `lname`, `sex`, `year`, `GPA`, `club`, `role`) VALUES (225313, 'Alistair', 'Munoz', 'M', 3, 2.03, 'Book', 'member');
INSERT INTO `csc4402db`.`students` (`sid`, `fname`, `lname`, `sex`, `year`, `GPA`, `club`, `role`) VALUES (225314, 'Edward', 'Murphy', 'M', 4, 2.03, 'Newspaper', 'member');
INSERT INTO `csc4402db`.`students` (`sid`, `fname`, `lname`, `sex`, `year`, `GPA`, `club`, `role`) VALUES (225315, 'Ann', 'Murray', 'F', 2, 1.95, 'Book', 'member');
INSERT INTO `csc4402db`.`students` (`sid`, `fname`, `lname`, `sex`, `year`, `GPA`, `club`, `role`) VALUES (225316, 'Shona', 'Myers', 'F', 2, 1.78, 'Beta', 'member');
INSERT INTO `csc4402db`.`students` (`sid`, `fname`, `lname`, `sex`, `year`, `GPA`, `club`, `role`) VALUES (225317, 'Hazel', 'Navarro', 'F', 3, 3.05, 'Beta', 'member');
INSERT INTO `csc4402db`.`students` (`sid`, `fname`, `lname`, `sex`, `year`, `GPA`, `club`, `role`) VALUES (225318, 'Raymond', 'Neal', 'M', 4, 3.98, 'Drama', 'officer');
INSERT INTO `csc4402db`.`students` (`sid`, `fname`, `lname`, `sex`, `year`, `GPA`, `club`, `role`) VALUES (225319, 'Christine', 'Nelson', 'F', 1, 2.73, 'National Honors Society', 'vice-president');
INSERT INTO `csc4402db`.`students` (`sid`, `fname`, `lname`, `sex`, `year`, `GPA`, `club`, `role`) VALUES (225320, 'Charles', 'Newman', 'M', 2, 2.64, 'National Honors Society', 'member');
INSERT INTO `csc4402db`.`students` (`sid`, `fname`, `lname`, `sex`, `year`, `GPA`, `club`, `role`) VALUES (225321, 'Andrea', 'Newton', 'F', 2, 3.21, 'Band', 'member');
INSERT INTO `csc4402db`.`students` (`sid`, `fname`, `lname`, `sex`, `year`, `GPA`, `club`, `role`) VALUES (225322, 'Samantha', 'Nguyen', 'F', 1, 1.65, 'NULL', 'NULL');
INSERT INTO `csc4402db`.`students` (`sid`, `fname`, `lname`, `sex`, `year`, `GPA`, `club`, `role`) VALUES (225323, 'Marie', 'Nichols', 'F', 3, 1.43, 'Chess', 'member');
INSERT INTO `csc4402db`.`students` (`sid`, `fname`, `lname`, `sex`, `year`, `GPA`, `club`, `role`) VALUES (225324, 'Philip', 'Norman', 'M', 3, 1, 'NULL', 'NULL');
INSERT INTO `csc4402db`.`students` (`sid`, `fname`, `lname`, `sex`, `year`, `GPA`, `club`, `role`) VALUES (225325, 'Lynsey', 'Norris', 'F', 2, 2.68, 'Photography', 'member');
INSERT INTO `csc4402db`.`students` (`sid`, `fname`, `lname`, `sex`, `year`, `GPA`, `club`, `role`) VALUES (225326, 'Bruce', 'Norton', 'M', 3, 2.91, 'DECA', 'member');
INSERT INTO `csc4402db`.`students` (`sid`, `fname`, `lname`, `sex`, `year`, `GPA`, `club`, `role`) VALUES (225327, 'Sandra', 'Nunez', 'F', 2, 1.21, 'Broadcast Journalism', 'member');
INSERT INTO `csc4402db`.`students` (`sid`, `fname`, `lname`, `sex`, `year`, `GPA`, `club`, `role`) VALUES (225328, 'Denise', 'Obrien', 'F', 3, 3.5, 'Student Government', 'member');
INSERT INTO `csc4402db`.`students` (`sid`, `fname`, `lname`, `sex`, `year`, `GPA`, `club`, `role`) VALUES (225329, 'Garry', 'Oconnor', 'M', 4, 2.61, 'Science', 'officer');
INSERT INTO `csc4402db`.`students` (`sid`, `fname`, `lname`, `sex`, `year`, `GPA`, `club`, `role`) VALUES (225330, 'Lee', 'Oliver', 'F', 3, 3.18, '4-H', 'vice-president');
INSERT INTO `csc4402db`.`students` (`sid`, `fname`, `lname`, `sex`, `year`, `GPA`, `club`, `role`) VALUES (225331, 'Jamie', 'Olson', 'M', 4, 1.31, 'Debate', 'member');
INSERT INTO `csc4402db`.`students` (`sid`, `fname`, `lname`, `sex`, `year`, `GPA`, `club`, `role`) VALUES (225332, 'Ryan', 'Ortega', 'M', 4, 2.79, 'History', 'member');
INSERT INTO `csc4402db`.`students` (`sid`, `fname`, `lname`, `sex`, `year`, `GPA`, `club`, `role`) VALUES (225333, 'Bryan', 'Ortiz', 'M', 1, 2.5, 'Beta', 'member');
INSERT INTO `csc4402db`.`students` (`sid`, `fname`, `lname`, `sex`, `year`, `GPA`, `club`, `role`) VALUES (225334, 'Francis', 'Osborne', 'M', 3, 2.61, 'Student Government', 'member');
INSERT INTO `csc4402db`.`students` (`sid`, `fname`, `lname`, `sex`, `year`, `GPA`, `club`, `role`) VALUES (225335, 'Kelly', 'Owen', 'F', 3, 2.88, 'NULL', 'NULL');
INSERT INTO `csc4402db`.`students` (`sid`, `fname`, `lname`, `sex`, `year`, `GPA`, `club`, `role`) VALUES (225336, 'Alastair', 'Owens', 'M', 2, 2.5, 'Science', 'member');
INSERT INTO `csc4402db`.`students` (`sid`, `fname`, `lname`, `sex`, `year`, `GPA`, `club`, `role`) VALUES (225337, 'Duncan', 'Padilla', 'M', 2, 1.35, 'Debate', 'member');
INSERT INTO `csc4402db`.`students` (`sid`, `fname`, `lname`, `sex`, `year`, `GPA`, `club`, `role`) VALUES (225338, 'Patrick', 'Page', 'M', 1, 1.74, 'Broadcast Journalism', 'officer');
INSERT INTO `csc4402db`.`students` (`sid`, `fname`, `lname`, `sex`, `year`, `GPA`, `club`, `role`) VALUES (225339, 'Gayle', 'Palmer', 'F', 1, 1.77, 'Broadcast Journalism', 'member');
INSERT INTO `csc4402db`.`students` (`sid`, `fname`, `lname`, `sex`, `year`, `GPA`, `club`, `role`) VALUES (225340, 'Debbie', 'Park', 'F', 1, 3.6, 'Mu Alpha Theta', 'officer');
INSERT INTO `csc4402db`.`students` (`sid`, `fname`, `lname`, `sex`, `year`, `GPA`, `club`, `role`) VALUES (225341, 'Jill', 'Parker', 'F', 1, 1.12, 'Yearbook', 'member');
INSERT INTO `csc4402db`.`students` (`sid`, `fname`, `lname`, `sex`, `year`, `GPA`, `club`, `role`) VALUES (225342, 'Kathleen', 'Parks', 'F', 4, 1.92, 'Robotics', 'member');
INSERT INTO `csc4402db`.`students` (`sid`, `fname`, `lname`, `sex`, `year`, `GPA`, `club`, `role`) VALUES (225343, 'Patricia', 'Parsons', 'F', 4, 1.65, 'Photography', 'member');
INSERT INTO `csc4402db`.`students` (`sid`, `fname`, `lname`, `sex`, `year`, `GPA`, `club`, `role`) VALUES (225344, 'Joanna', 'Patel', 'F', 3, 3.37, 'Music', 'member');
INSERT INTO `csc4402db`.`students` (`sid`, `fname`, `lname`, `sex`, `year`, `GPA`, `club`, `role`) VALUES (225345, 'Ronald', 'Patterson', 'M', 3, 2.92, 'History', 'member');
INSERT INTO `csc4402db`.`students` (`sid`, `fname`, `lname`, `sex`, `year`, `GPA`, `club`, `role`) VALUES (225346, 'Catriona', 'Patton', 'F', 3, 3.21, 'Drama', 'member');
INSERT INTO `csc4402db`.`students` (`sid`, `fname`, `lname`, `sex`, `year`, `GPA`, `club`, `role`) VALUES (225347, 'Shirley', 'Paul', 'F', 2, 1.69, 'NULL', 'NULL');
INSERT INTO `csc4402db`.`students` (`sid`, `fname`, `lname`, `sex`, `year`, `GPA`, `club`, `role`) VALUES (225348, 'Ruth', 'Payne', 'F', 1, 1.13, 'Broadcast Journalism', 'vice-president');
INSERT INTO `csc4402db`.`students` (`sid`, `fname`, `lname`, `sex`, `year`, `GPA`, `club`, `role`) VALUES (225349, 'Zoe', 'Pearson', 'F', 4, 3.85, 'Book', 'member');
INSERT INTO `csc4402db`.`students` (`sid`, `fname`, `lname`, `sex`, `year`, `GPA`, `club`, `role`) VALUES (225350, 'Leigh', 'Pena', 'F', 1, 2.29, 'Newspaper', 'officer');
INSERT INTO `csc4402db`.`students` (`sid`, `fname`, `lname`, `sex`, `year`, `GPA`, `club`, `role`) VALUES (225351, 'Alasdair', 'Perez', 'M', 3, 1.76, 'NULL', 'NULL');
INSERT INTO `csc4402db`.`students` (`sid`, `fname`, `lname`, `sex`, `year`, `GPA`, `club`, `role`) VALUES (225352, 'Ewan', 'Perkins', 'M', 4, 1.49, 'National Honors Society', 'member');
INSERT INTO `csc4402db`.`students` (`sid`, `fname`, `lname`, `sex`, `year`, `GPA`, `club`, `role`) VALUES (225353, 'Marc', 'Perry', 'M', 3, 3.71, 'Chess', 'vice-president');
INSERT INTO `csc4402db`.`students` (`sid`, `fname`, `lname`, `sex`, `year`, `GPA`, `club`, `role`) VALUES (225354, 'Wayne', 'Peters', 'M', 2, 2.54, 'Beta', 'member');
INSERT INTO `csc4402db`.`students` (`sid`, `fname`, `lname`, `sex`, `year`, `GPA`, `club`, `role`) VALUES (225355, 'Hugh', 'Peterson', 'M', 4, 3.67, 'Debate', 'member');
INSERT INTO `csc4402db`.`students` (`sid`, `fname`, `lname`, `sex`, `year`, `GPA`, `club`, `role`) VALUES (225356, 'Robin', 'Pham', 'M', 1, 2.88, 'NULL', 'NULL');
INSERT INTO `csc4402db`.`students` (`sid`, `fname`, `lname`, `sex`, `year`, `GPA`, `club`, `role`) VALUES (225357, 'Sean', 'Phillips', 'M', 2, 1.19, 'Newspaper', 'member');
INSERT INTO `csc4402db`.`students` (`sid`, `fname`, `lname`, `sex`, `year`, `GPA`, `club`, `role`) VALUES (225358, 'Rachel', 'Pierce', 'F', 1, 3.87, 'Sports Journalism', 'member');
INSERT INTO `csc4402db`.`students` (`sid`, `fname`, `lname`, `sex`, `year`, `GPA`, `club`, `role`) VALUES (225359, 'Melanie', 'Pope', 'F', 3, 1.2, '4-H', 'officer');
INSERT INTO `csc4402db`.`students` (`sid`, `fname`, `lname`, `sex`, `year`, `GPA`, `club`, `role`) VALUES (225360, 'Calum', 'Porter', 'M', 3, 1.64, 'eSports', 'member');
INSERT INTO `csc4402db`.`students` (`sid`, `fname`, `lname`, `sex`, `year`, `GPA`, `club`, `role`) VALUES (225361, 'Euan', 'Potter', 'M', 2, 2.03, 'Music', 'officer');
INSERT INTO `csc4402db`.`students` (`sid`, `fname`, `lname`, `sex`, `year`, `GPA`, `club`, `role`) VALUES (225362, 'Adam', 'Powell', 'M', 2, 1.24, 'Drama', 'member');
INSERT INTO `csc4402db`.`students` (`sid`, `fname`, `lname`, `sex`, `year`, `GPA`, `club`, `role`) VALUES (225363, 'Kirsteen', 'Powers', 'F', 1, 2.02, 'Music', 'member');
INSERT INTO `csc4402db`.`students` (`sid`, `fname`, `lname`, `sex`, `year`, `GPA`, `club`, `role`) VALUES (225364, 'Russell', 'Pratt', 'M', 4, 3.56, 'Band', 'member');
INSERT INTO `csc4402db`.`students` (`sid`, `fname`, `lname`, `sex`, `year`, `GPA`, `club`, `role`) VALUES (225365, 'Cameron', 'Price', 'M', 1, 1.59, 'Mu Alpha Theta', 'member');
INSERT INTO `csc4402db`.`students` (`sid`, `fname`, `lname`, `sex`, `year`, `GPA`, `club`, `role`) VALUES (225366, 'Aileen', 'Quinn', 'F', 4, 3.81, '4-H', 'member');
INSERT INTO `csc4402db`.`students` (`sid`, `fname`, `lname`, `sex`, `year`, `GPA`, `club`, `role`) VALUES (225367, 'Gerard', 'Ramirez', 'M', 3, 3.34, 'FFA', 'president');
INSERT INTO `csc4402db`.`students` (`sid`, `fname`, `lname`, `sex`, `year`, `GPA`, `club`, `role`) VALUES (225368, 'Christina', 'Ramos', 'F', 2, 2.17, 'Science', 'president');
INSERT INTO `csc4402db`.`students` (`sid`, `fname`, `lname`, `sex`, `year`, `GPA`, `club`, `role`) VALUES (225369, 'Janet', 'Ramsey', 'F', 3, 3.91, 'FCA', 'member');
INSERT INTO `csc4402db`.`students` (`sid`, `fname`, `lname`, `sex`, `year`, `GPA`, `club`, `role`) VALUES (225370, 'Murray', 'Ray', 'M', 2, 1.11, 'Debate', 'member');
INSERT INTO `csc4402db`.`students` (`sid`, `fname`, `lname`, `sex`, `year`, `GPA`, `club`, `role`) VALUES (225371, 'Katrina', 'Reed', 'F', 1, 2.73, 'Debate', 'member');
INSERT INTO `csc4402db`.`students` (`sid`, `fname`, `lname`, `sex`, `year`, `GPA`, `club`, `role`) VALUES (225372, 'Stephanie', 'Reese', 'F', 2, 2, 'Newspaper', 'member');
INSERT INTO `csc4402db`.`students` (`sid`, `fname`, `lname`, `sex`, `year`, `GPA`, `club`, `role`) VALUES (225373, 'Norman', 'Reeves', 'M', 4, 3.88, 'Drama', 'member');
INSERT INTO `csc4402db`.`students` (`sid`, `fname`, `lname`, `sex`, `year`, `GPA`, `club`, `role`) VALUES (225374, 'Audrey', 'Reid', 'F', 2, 1.53, 'Newspaper', 'member');
INSERT INTO `csc4402db`.`students` (`sid`, `fname`, `lname`, `sex`, `year`, `GPA`, `club`, `role`) VALUES (225375, 'Angus', 'Reyes', 'M', 2, 3.86, 'Music', 'member');
INSERT INTO `csc4402db`.`students` (`sid`, `fname`, `lname`, `sex`, `year`, `GPA`, `club`, `role`) VALUES (225376, 'Greig', 'Reynolds', 'M', 1, 3.61, 'National Honors Society', 'member');
INSERT INTO `csc4402db`.`students` (`sid`, `fname`, `lname`, `sex`, `year`, `GPA`, `club`, `role`) VALUES (225377, 'Kirsten', 'Rhodes', 'F', 4, 2.04, 'Chess', 'member');
INSERT INTO `csc4402db`.`students` (`sid`, `fname`, `lname`, `sex`, `year`, `GPA`, `club`, `role`) VALUES (225378, 'Justin', 'Rice', 'M', 2, 2.43, 'DECA', 'member');
INSERT INTO `csc4402db`.`students` (`sid`, `fname`, `lname`, `sex`, `year`, `GPA`, `club`, `role`) VALUES (225379, 'Arlene', 'Richards', 'F', 3, 2.79, 'Photography', 'member');
INSERT INTO `csc4402db`.`students` (`sid`, `fname`, `lname`, `sex`, `year`, `GPA`, `club`, `role`) VALUES (225380, 'Maureen', 'Richardson', 'F', 2, 2.77, 'Photography', 'member');
INSERT INTO `csc4402db`.`students` (`sid`, `fname`, `lname`, `sex`, `year`, `GPA`, `club`, `role`) VALUES (225381, 'Gregor', 'Riley', 'M', 2, 2.46, 'Photography', 'officer');
INSERT INTO `csc4402db`.`students` (`sid`, `fname`, `lname`, `sex`, `year`, `GPA`, `club`, `role`) VALUES (225382, 'Gerald', 'Rios', 'M', 3, 2.01, 'History', 'member');
INSERT INTO `csc4402db`.`students` (`sid`, `fname`, `lname`, `sex`, `year`, `GPA`, `club`, `role`) VALUES (225383, 'Morag', 'Rivera', 'F', 2, 3.93, 'eSports', 'member');
INSERT INTO `csc4402db`.`students` (`sid`, `fname`, `lname`, `sex`, `year`, `GPA`, `club`, `role`) VALUES (225384, 'Marion', 'Robbins', 'F', 1, 3.22, 'Yearbook', 'member');
INSERT INTO `csc4402db`.`students` (`sid`, `fname`, `lname`, `sex`, `year`, `GPA`, `club`, `role`) VALUES (225385, 'Mhairi', 'Roberts', 'F', 3, 2.94, 'Photography', 'vice-president');
INSERT INTO `csc4402db`.`students` (`sid`, `fname`, `lname`, `sex`, `year`, `GPA`, `club`, `role`) VALUES (225386, 'Roderick', 'Robertson', 'M', 1, 1.34, 'DECA', 'member');
INSERT INTO `csc4402db`.`students` (`sid`, `fname`, `lname`, `sex`, `year`, `GPA`, `club`, `role`) VALUES (225387, 'Roy', 'Robinson', 'M', 2, 3.5, 'NULL', 'NULL');
INSERT INTO `csc4402db`.`students` (`sid`, `fname`, `lname`, `sex`, `year`, `GPA`, `club`, `role`) VALUES (225388, 'Allison', 'Robles', 'F', 4, 3.54, 'Chess', 'member');
INSERT INTO `csc4402db`.`students` (`sid`, `fname`, `lname`, `sex`, `year`, `GPA`, `club`, `role`) VALUES (225389, 'Cheryl', 'Rodgers', 'F', 4, 3.59, 'Music', 'member');
INSERT INTO `csc4402db`.`students` (`sid`, `fname`, `lname`, `sex`, `year`, `GPA`, `club`, `role`) VALUES (225390, 'Maria', 'Rodriguez', 'F', 3, 2.93, 'FCA', 'member');
INSERT INTO `csc4402db`.`students` (`sid`, `fname`, `lname`, `sex`, `year`, `GPA`, `club`, `role`) VALUES (225391, 'Benjamin', 'Rogers', 'M', 3, 2.7, 'FFA', 'member');
INSERT INTO `csc4402db`.`students` (`sid`, `fname`, `lname`, `sex`, `year`, `GPA`, `club`, `role`) VALUES (225392, 'Kim', 'Rojas', 'F', 2, 3.2, 'Mu Alpha Theta', 'member');
INSERT INTO `csc4402db`.`students` (`sid`, `fname`, `lname`, `sex`, `year`, `GPA`, `club`, `role`) VALUES (225393, 'Timothy', 'Romero', 'M', 1, 3.71, 'Band', 'member');
INSERT INTO `csc4402db`.`students` (`sid`, `fname`, `lname`, `sex`, `year`, `GPA`, `club`, `role`) VALUES (225394, 'Anna', 'Rose', 'F', 4, 1.77, '4-H', 'member');
INSERT INTO `csc4402db`.`students` (`sid`, `fname`, `lname`, `sex`, `year`, `GPA`, `club`, `role`) VALUES (225395, 'Lindsay', 'Ross', 'F', 2, 3.08, 'Science', 'member');
INSERT INTO `csc4402db`.`students` (`sid`, `fname`, `lname`, `sex`, `year`, `GPA`, `club`, `role`) VALUES (225396, 'Dean', 'Rowe', 'M', 4, 2.09, 'Sports Journalism', 'member');
INSERT INTO `csc4402db`.`students` (`sid`, `fname`, `lname`, `sex`, `year`, `GPA`, `club`, `role`) VALUES (225397, 'Rebecca', 'Ruiz', 'F', 3, 1.02, 'Sports Journalism', 'member');
INSERT INTO `csc4402db`.`students` (`sid`, `fname`, `lname`, `sex`, `year`, `GPA`, `club`, `role`) VALUES (225398, 'Samuel', 'Russell', 'M', 2, 1.9, 'Mu Alpha Theta', 'officer');
INSERT INTO `csc4402db`.`students` (`sid`, `fname`, `lname`, `sex`, `year`, `GPA`, `club`, `role`) VALUES (225399, 'Katherine', 'Ryan', 'F', 3, 3.17, 'Photography', 'member');
INSERT INTO `csc4402db`.`students` (`sid`, `fname`, `lname`, `sex`, `year`, `GPA`, `club`, `role`) VALUES (225400, 'Greg', 'Salazar', 'M', 2, 2.56, 'Photography', 'member');
INSERT INTO `csc4402db`.`students` (`sid`, `fname`, `lname`, `sex`, `year`, `GPA`, `club`, `role`) VALUES (225401, 'Shaun', 'Salinas', 'M', 4, 2.6, 'NULL', 'NULL');
INSERT INTO `csc4402db`.`students` (`sid`, `fname`, `lname`, `sex`, `year`, `GPA`, `club`, `role`) VALUES (225402, 'Mandy', 'Sanchez', 'F', 2, 2.79, 'History', 'member');
INSERT INTO `csc4402db`.`students` (`sid`, `fname`, `lname`, `sex`, `year`, `GPA`, `club`, `role`) VALUES (225403, 'Nicola', 'Sanders', 'F', 4, 1.5, '4-H', 'member');
INSERT INTO `csc4402db`.`students` (`sid`, `fname`, `lname`, `sex`, `year`, `GPA`, `club`, `role`) VALUES (225404, 'Adrian', 'Sandoval', 'M', 1, 2.74, 'Robotics', 'member');
INSERT INTO `csc4402db`.`students` (`sid`, `fname`, `lname`, `sex`, `year`, `GPA`, `club`, `role`) VALUES (225405, 'Campbell', 'Santiago', 'M', 1, 3.61, 'Science', 'officer');
INSERT INTO `csc4402db`.`students` (`sid`, `fname`, `lname`, `sex`, `year`, `GPA`, `club`, `role`) VALUES (225406, 'Karen', 'Santos', 'F', 2, 3.17, 'History', 'member');
INSERT INTO `csc4402db`.`students` (`sid`, `fname`, `lname`, `sex`, `year`, `GPA`, `club`, `role`) VALUES (225407, 'Claire', 'Saunders', 'F', 3, 3.05, 'Drama', 'member');
INSERT INTO `csc4402db`.`students` (`sid`, `fname`, `lname`, `sex`, `year`, `GPA`, `club`, `role`) VALUES (225408, 'Angela', 'Schmidt', 'F', 3, 2.2, 'National Honors Society', 'member');
INSERT INTO `csc4402db`.`students` (`sid`, `fname`, `lname`, `sex`, `year`, `GPA`, `club`, `role`) VALUES (225409, 'Fiona', 'Schneider', 'F', 4, 2.95, 'FCA', 'member');
INSERT INTO `csc4402db`.`students` (`sid`, `fname`, `lname`, `sex`, `year`, `GPA`, `club`, `role`) VALUES (225410, 'David', 'Schroeder', 'M', 1, 1.67, 'NULL', 'NULL');
INSERT INTO `csc4402db`.`students` (`sid`, `fname`, `lname`, `sex`, `year`, `GPA`, `club`, `role`) VALUES (225411, 'John', 'Schultz', 'M', 4, 1.56, 'Science', 'member');
INSERT INTO `csc4402db`.`students` (`sid`, `fname`, `lname`, `sex`, `year`, `GPA`, `club`, `role`) VALUES (225412, 'Paul', 'Schwartz', 'M', 3, 2.63, 'NULL', 'NULL');
INSERT INTO `csc4402db`.`students` (`sid`, `fname`, `lname`, `sex`, `year`, `GPA`, `club`, `role`) VALUES (225413, 'James', 'Scott', 'M', 4, 1.53, 'Photography', 'member');
INSERT INTO `csc4402db`.`students` (`sid`, `fname`, `lname`, `sex`, `year`, `GPA`, `club`, `role`) VALUES (225414, 'Susan', 'Sharp', 'F', 2, 1.59, 'Mu Alpha Theta', 'member');
INSERT INTO `csc4402db`.`students` (`sid`, `fname`, `lname`, `sex`, `year`, `GPA`, `club`, `role`) VALUES (225415, 'Jennifer', 'Shaw', 'F', 3, 3.3, '4-H', 'officer');
INSERT INTO `csc4402db`.`students` (`sid`, `fname`, `lname`, `sex`, `year`, `GPA`, `club`, `role`) VALUES (225416, 'Andrew', 'Shelton', 'M', 3, 2.11, 'Drama', 'member');
INSERT INTO `csc4402db`.`students` (`sid`, `fname`, `lname`, `sex`, `year`, `GPA`, `club`, `role`) VALUES (225417, 'Steven', 'Sherman', 'M', 4, 1.44, 'Sports Journalism', 'officer');
INSERT INTO `csc4402db`.`students` (`sid`, `fname`, `lname`, `sex`, `year`, `GPA`, `club`, `role`) VALUES (225418, 'Julie', 'Silva', 'F', 4, 3.3, 'Music', 'member');
INSERT INTO `csc4402db`.`students` (`sid`, `fname`, `lname`, `sex`, `year`, `GPA`, `club`, `role`) VALUES (225419, 'Scott', 'Simmons', 'M', 4, 1.56, 'Beta', 'member');
INSERT INTO `csc4402db`.`students` (`sid`, `fname`, `lname`, `sex`, `year`, `GPA`, `club`, `role`) VALUES (225420, 'Gillian', 'Simon', 'F', 4, 1.99, 'Robotics', 'member');
INSERT INTO `csc4402db`.`students` (`sid`, `fname`, `lname`, `sex`, `year`, `GPA`, `club`, `role`) VALUES (225421, 'Mark', 'Simpson', 'M', 2, 1.78, 'Broadcast Journalism', 'member');
INSERT INTO `csc4402db`.`students` (`sid`, `fname`, `lname`, `sex`, `year`, `GPA`, `club`, `role`) VALUES (225422, 'Michelle', 'Sims', 'F', 1, 1.96, 'Robotics', 'officer');
INSERT INTO `csc4402db`.`students` (`sid`, `fname`, `lname`, `sex`, `year`, `GPA`, `club`, `role`) VALUES (225423, 'Robert', 'Singh', 'M', 3, 3.69, 'FCA', 'member');
INSERT INTO `csc4402db`.`students` (`sid`, `fname`, `lname`, `sex`, `year`, `GPA`, `club`, `role`) VALUES (225424, 'Stephen', 'Smith', 'M', 2, 2.6, 'eSports', 'member');
INSERT INTO `csc4402db`.`students` (`sid`, `fname`, `lname`, `sex`, `year`, `GPA`, `club`, `role`) VALUES (225425, 'Craig', 'Snyder', 'M', 3, 3.45, 'Yearbook', 'member');
INSERT INTO `csc4402db`.`students` (`sid`, `fname`, `lname`, `sex`, `year`, `GPA`, `club`, `role`) VALUES (225426, 'Christopher', 'Solis', 'M', 4, 3.61, 'Sports Journalism', 'member');
INSERT INTO `csc4402db`.`students` (`sid`, `fname`, `lname`, `sex`, `year`, `GPA`, `club`, `role`) VALUES (225427, 'Stuart', 'Soto', 'M', 4, 1.22, 'NULL', 'NULL');
INSERT INTO `csc4402db`.`students` (`sid`, `fname`, `lname`, `sex`, `year`, `GPA`, `club`, `role`) VALUES (225428, 'Sharon', 'Sparks', 'F', 1, 2.41, 'FCA', 'member');
INSERT INTO `csc4402db`.`students` (`sid`, `fname`, `lname`, `sex`, `year`, `GPA`, `club`, `role`) VALUES (225429, 'Alan', 'Spencer', 'M', 2, 2.79, 'Band', 'member');
INSERT INTO `csc4402db`.`students` (`sid`, `fname`, `lname`, `sex`, `year`, `GPA`, `club`, `role`) VALUES (225430, 'William', 'Stanley', 'M', 1, 3.94, 'Student Government', 'officer');
INSERT INTO `csc4402db`.`students` (`sid`, `fname`, `lname`, `sex`, `year`, `GPA`, `club`, `role`) VALUES (225431, 'Michael', 'Steele', 'M', 4, 1.88, 'Beta', 'member');
INSERT INTO `csc4402db`.`students` (`sid`, `fname`, `lname`, `sex`, `year`, `GPA`, `club`, `role`) VALUES (225432, 'Kevin', 'Stephens', 'M', 4, 2.56, 'Yearbook', 'officer');
INSERT INTO `csc4402db`.`students` (`sid`, `fname`, `lname`, `sex`, `year`, `GPA`, `club`, `role`) VALUES (225433, 'Colin', 'Stevens', 'M', 3, 1.91, 'Student Government', 'member');
INSERT INTO `csc4402db`.`students` (`sid`, `fname`, `lname`, `sex`, `year`, `GPA`, `club`, `role`) VALUES (225434, 'Brian', 'Stevenson', 'M', 2, 3.21, 'DECA', 'member');
INSERT INTO `csc4402db`.`students` (`sid`, `fname`, `lname`, `sex`, `year`, `GPA`, `club`, `role`) VALUES (225435, 'Derek', 'Stewart', 'M', 1, 1.34, 'NULL', 'NULL');
INSERT INTO `csc4402db`.`students` (`sid`, `fname`, `lname`, `sex`, `year`, `GPA`, `club`, `role`) VALUES (225436, 'Sarah', 'Stone', 'F', 1, 2.28, 'Newspaper', 'member');
INSERT INTO `csc4402db`.`students` (`sid`, `fname`, `lname`, `sex`, `year`, `GPA`, `club`, `role`) VALUES (225437, 'Neil', 'Strickland', 'M', 4, 2.19, 'NULL', 'NULL');
INSERT INTO `csc4402db`.`students` (`sid`, `fname`, `lname`, `sex`, `year`, `GPA`, `club`, `role`) VALUES (225438, 'Louise', 'Sullivan', 'F', 3, 3.2, 'Broadcast Journalism', 'member');
INSERT INTO `csc4402db`.`students` (`sid`, `fname`, `lname`, `sex`, `year`, `GPA`, `club`, `role`) VALUES (225439, 'Richard', 'Sutton', 'M', 1, 2.28, 'Yearbook', 'member');
INSERT INTO `csc4402db`.`students` (`sid`, `fname`, `lname`, `sex`, `year`, `GPA`, `club`, `role`) VALUES (225440, 'Martin', 'Swanson', 'M', 3, 1.8, 'DECA', 'member');
INSERT INTO `csc4402db`.`students` (`sid`, `fname`, `lname`, `sex`, `year`, `GPA`, `club`, `role`) VALUES (225441, 'Gary', 'Tate', 'M', 3, 2.91, 'FFA', 'member');
INSERT INTO `csc4402db`.`students` (`sid`, `fname`, `lname`, `sex`, `year`, `GPA`, `club`, `role`) VALUES (225442, 'Ross', 'Taylor', 'M', 2, 3.26, 'Book', 'member');
INSERT INTO `csc4402db`.`students` (`sid`, `fname`, `lname`, `sex`, `year`, `GPA`, `club`, `role`) VALUES (225443, 'Donna', 'Terry', 'F', 1, 1.19, 'FCA', 'member');
INSERT INTO `csc4402db`.`students` (`sid`, `fname`, `lname`, `sex`, `year`, `GPA`, `club`, `role`) VALUES (225444, 'Laura', 'Thomas', 'F', 1, 3.7, 'Student Government', 'member');
INSERT INTO `csc4402db`.`students` (`sid`, `fname`, `lname`, `sex`, `year`, `GPA`, `club`, `role`) VALUES (225445, 'Amanda', 'Thompson', 'F', 4, 3.08, 'Chess', 'member');
INSERT INTO `csc4402db`.`students` (`sid`, `fname`, `lname`, `sex`, `year`, `GPA`, `club`, `role`) VALUES (225446, 'Alison', 'Thornton', 'F', 4, 1.31, 'Broadcast Journalism', 'member');
INSERT INTO `csc4402db`.`students` (`sid`, `fname`, `lname`, `sex`, `year`, `GPA`, `club`, `role`) VALUES (225447, 'Thomas', 'Todd', 'M', 2, 1.28, 'Beta', 'member');
INSERT INTO `csc4402db`.`students` (`sid`, `fname`, `lname`, `sex`, `year`, `GPA`, `club`, `role`) VALUES (225448, 'Lisa', 'Torres', 'F', 1, 2.78, 'NULL', 'NULL');
INSERT INTO `csc4402db`.`students` (`sid`, `fname`, `lname`, `sex`, `year`, `GPA`, `club`, `role`) VALUES (225449, 'Ian', 'Townsend', 'M', 4, 2.6, 'Mu Alpha Theta', 'member');
INSERT INTO `csc4402db`.`students` (`sid`, `fname`, `lname`, `sex`, `year`, `GPA`, `club`, `role`) VALUES (225450, 'Caroline', 'Tran', 'F', 2, 1.17, 'Science', 'member');
INSERT INTO `csc4402db`.`students` (`sid`, `fname`, `lname`, `sex`, `year`, `GPA`, `club`, `role`) VALUES (225451, 'Iain', 'Tucker', 'M', 3, 2.68, 'National Honors Society', 'member');
INSERT INTO `csc4402db`.`students` (`sid`, `fname`, `lname`, `sex`, `year`, `GPA`, `club`, `role`) VALUES (225452, 'Barry', 'Turner', 'M', 2, 3.5, 'FFA', 'member');
INSERT INTO `csc4402db`.`students` (`sid`, `fname`, `lname`, `sex`, `year`, `GPA`, `club`, `role`) VALUES (225453, 'Gordon', 'Tyler', 'M', 4, 1.02, 'Book', 'member');
INSERT INTO `csc4402db`.`students` (`sid`, `fname`, `lname`, `sex`, `year`, `GPA`, `club`, `role`) VALUES (225454, 'Graeme', 'Valdez', 'M', 2, 1.07, 'Yearbook', 'member');
INSERT INTO `csc4402db`.`students` (`sid`, `fname`, `lname`, `sex`, `year`, `GPA`, `club`, `role`) VALUES (225455, 'Kirsty', 'Vargas', 'F', 1, 2.88, 'FFA', 'officer');
INSERT INTO `csc4402db`.`students` (`sid`, `fname`, `lname`, `sex`, `year`, `GPA`, `club`, `role`) VALUES (225456, 'Graham', 'Vasquez', 'M', 4, 3.37, 'National Honors Society', 'officer');
INSERT INTO `csc4402db`.`students` (`sid`, `fname`, `lname`, `sex`, `year`, `GPA`, `club`, `role`) VALUES (225457, 'Jacqueline', 'Vaughn', 'F', 4, 2.36, 'Robotics', 'member');
INSERT INTO `csc4402db`.`students` (`sid`, `fname`, `lname`, `sex`, `year`, `GPA`, `club`, `role`) VALUES (225458, 'Elaine', 'Vazquez', 'F', 3, 2.68, 'Sports Journalism', 'member');
INSERT INTO `csc4402db`.`students` (`sid`, `fname`, `lname`, `sex`, `year`, `GPA`, `club`, `role`) VALUES (225459, 'Alexander', 'Vega', 'M', 1, 3.36, 'NULL', 'NULL');
INSERT INTO `csc4402db`.`students` (`sid`, `fname`, `lname`, `sex`, `year`, `GPA`, `club`, `role`) VALUES (225460, 'Peter', 'Wade', 'M', 1, 1.78, 'Sports Journalism', 'member');
INSERT INTO `csc4402db`.`students` (`sid`, `fname`, `lname`, `sex`, `year`, `GPA`, `club`, `role`) VALUES (225461, 'Lesley', 'Wagner', 'F', 4, 1.27, 'Science', 'member');
INSERT INTO `csc4402db`.`students` (`sid`, `fname`, `lname`, `sex`, `year`, `GPA`, `club`, `role`) VALUES (225462, 'Kenneth', 'Walker', 'M', 1, 3.15, 'Robotics', 'member');
INSERT INTO `csc4402db`.`students` (`sid`, `fname`, `lname`, `sex`, `year`, `GPA`, `club`, `role`) VALUES (225463, 'Simon', 'Wallace', 'M', 2, 1.51, 'Sports Journalism', 'officer');
INSERT INTO `csc4402db`.`students` (`sid`, `fname`, `lname`, `sex`, `year`, `GPA`, `club`, `role`) VALUES (225464, 'Lynn', 'Walsh', 'F', 4, 3.16, 'Chess', 'member');
INSERT INTO `csc4402db`.`students` (`sid`, `fname`, `lname`, `sex`, `year`, `GPA`, `club`, `role`) VALUES (225465, 'Deborah', 'Walters', 'F', 1, 1.6, 'National Honors Society', 'member');
INSERT INTO `csc4402db`.`students` (`sid`, `fname`, `lname`, `sex`, `year`, `GPA`, `club`, `role`) VALUES (225466, 'Allan', 'Walton', 'M', 3, 1.7, 'FCA', 'member');
INSERT INTO `csc4402db`.`students` (`sid`, `fname`, `lname`, `sex`, `year`, `GPA`, `club`, `role`) VALUES (225467, 'Darren', 'Wang', 'M', 1, 1.01, 'Sports Journalism', 'member');
INSERT INTO `csc4402db`.`students` (`sid`, `fname`, `lname`, `sex`, `year`, `GPA`, `club`, `role`) VALUES (225468, 'Elizabeth', 'Ward', 'F', 3, 3.16, 'NULL', 'NULL');
INSERT INTO `csc4402db`.`students` (`sid`, `fname`, `lname`, `sex`, `year`, `GPA`, `club`, `role`) VALUES (225469, 'George', 'Warner', 'M', 4, 1.61, 'Robotics', 'member');
INSERT INTO `csc4402db`.`students` (`sid`, `fname`, `lname`, `sex`, `year`, `GPA`, `club`, `role`) VALUES (225470, 'Douglas', 'Warren', 'M', 2, 1.89, 'Newspaper', 'member');
INSERT INTO `csc4402db`.`students` (`sid`, `fname`, `lname`, `sex`, `year`, `GPA`, `club`, `role`) VALUES (225471, 'Joanne', 'Washington', 'F', 2, 3.12, 'eSports', 'member');
INSERT INTO `csc4402db`.`students` (`sid`, `fname`, `lname`, `sex`, `year`, `GPA`, `club`, `role`) VALUES (225472, 'Jason', 'Waters', 'M', 1, 3.43, 'Sports Journalism', 'member');
INSERT INTO `csc4402db`.`students` (`sid`, `fname`, `lname`, `sex`, `year`, `GPA`, `club`, `role`) VALUES (225473, 'Emma', 'Watkins', 'F', 3, 2.1, 'Mu Alpha Theta', 'member');
INSERT INTO `csc4402db`.`students` (`sid`, `fname`, `lname`, `sex`, `year`, `GPA`, `club`, `role`) VALUES (225474, 'Tracy', 'Watson', 'F', 1, 2.08, 'Broadcast Journalism', 'member');
INSERT INTO `csc4402db`.`students` (`sid`, `fname`, `lname`, `sex`, `year`, `GPA`, `club`, `role`) VALUES (225475, 'Lee', 'Watts', 'M', 1, 2.54, 'Photography', 'member');
INSERT INTO `csc4402db`.`students` (`sid`, `fname`, `lname`, `sex`, `year`, `GPA`, `club`, `role`) VALUES (225476, 'Gavin', 'Weaver', 'M', 1, 1.85, 'Broadcast Journalism', 'member');
INSERT INTO `csc4402db`.`students` (`sid`, `fname`, `lname`, `sex`, `year`, `GPA`, `club`, `role`) VALUES (225477, 'Anthony', 'Webb', 'M', 2, 1.07, '4-H', 'member');
INSERT INTO `csc4402db`.`students` (`sid`, `fname`, `lname`, `sex`, `year`, `GPA`, `club`, `role`) VALUES (225478, 'Lorraine', 'Weber', 'F', 1, 3.87, 'Photography', 'member');
INSERT INTO `csc4402db`.`students` (`sid`, `fname`, `lname`, `sex`, `year`, `GPA`, `club`, `role`) VALUES (225479, 'Jonathan', 'Webster', 'M', 2, 2.04, 'Broadcast Journalism', 'member');
INSERT INTO `csc4402db`.`students` (`sid`, `fname`, `lname`, `sex`, `year`, `GPA`, `club`, `role`) VALUES (225480, 'Stewart', 'Welch', 'M', 3, 1.8, '4-H', 'member');
INSERT INTO `csc4402db`.`students` (`sid`, `fname`, `lname`, `sex`, `year`, `GPA`, `club`, `role`) VALUES (225481, 'Jamie', 'Wells', 'M', 1, 3.11, 'Newspaper', 'member');
INSERT INTO `csc4402db`.`students` (`sid`, `fname`, `lname`, `sex`, `year`, `GPA`, `club`, `role`) VALUES (225482, 'Keith', 'West', 'M', 4, 3.76, 'Sports Journalism', 'member');
INSERT INTO `csc4402db`.`students` (`sid`, `fname`, `lname`, `sex`, `year`, `GPA`, `club`, `role`) VALUES (225483, 'Matthew', 'Wheeler', 'M', 1, 1.51, 'History', 'member');
INSERT INTO `csc4402db`.`students` (`sid`, `fname`, `lname`, `sex`, `year`, `GPA`, `club`, `role`) VALUES (225484, 'Lynne', 'White', 'F', 3, 2.33, 'National Honors Society', 'member');
INSERT INTO `csc4402db`.`students` (`sid`, `fname`, `lname`, `sex`, `year`, `GPA`, `club`, `role`) VALUES (225485, 'Joseph', 'Williams', 'M', 2, 2.45, 'Debate', 'member');
INSERT INTO `csc4402db`.`students` (`sid`, `fname`, `lname`, `sex`, `year`, `GPA`, `club`, `role`) VALUES (225486, 'Margaret', 'Williamson', 'F', 3, 1.43, '4-H', 'member');
INSERT INTO `csc4402db`.`students` (`sid`, `fname`, `lname`, `sex`, `year`, `GPA`, `club`, `role`) VALUES (225487, 'Heather', 'Willis', 'F', 3, 1.81, 'Sports Journalism', 'member');
INSERT INTO `csc4402db`.`students` (`sid`, `fname`, `lname`, `sex`, `year`, `GPA`, `club`, `role`) VALUES (225488, 'Carol', 'Wilson', 'F', 3, 3.6, 'Music', 'member');
INSERT INTO `csc4402db`.`students` (`sid`, `fname`, `lname`, `sex`, `year`, `GPA`, `club`, `role`) VALUES (225489, 'Daniel', 'Wise', 'M', 1, 2.22, 'Mu Alpha Theta', 'member');
INSERT INTO `csc4402db`.`students` (`sid`, `fname`, `lname`, `sex`, `year`, `GPA`, `club`, `role`) VALUES (225490, 'Edward', 'Wolf', 'M', 4, 2.95, 'National Honors Society', 'officer');
INSERT INTO `csc4402db`.`students` (`sid`, `fname`, `lname`, `sex`, `year`, `GPA`, `club`, `role`) VALUES (225491, 'Lorna', 'Wolfe', 'F', 4, 1.21, 'FCA', 'member');
INSERT INTO `csc4402db`.`students` (`sid`, `fname`, `lname`, `sex`, `year`, `GPA`, `club`, `role`) VALUES (225492, 'Pauline', 'Wong', 'F', 1, 3.49, 'Newspaper', 'member');
INSERT INTO `csc4402db`.`students` (`sid`, `fname`, `lname`, `sex`, `year`, `GPA`, `club`, `role`) VALUES (225493, 'Nicholas', 'Wood', 'M', 1, 1.29, 'NULL', 'NULL');
INSERT INTO `csc4402db`.`students` (`sid`, `fname`, `lname`, `sex`, `year`, `GPA`, `club`, `role`) VALUES (225494, 'Grant', 'Woods', 'M', 2, 2.07, 'Debate', 'member');
INSERT INTO `csc4402db`.`students` (`sid`, `fname`, `lname`, `sex`, `year`, `GPA`, `club`, `role`) VALUES (225495, 'Ryan', 'Wright', 'M', 2, 1.26, 'FFA', 'member');
INSERT INTO `csc4402db`.`students` (`sid`, `fname`, `lname`, `sex`, `year`, `GPA`, `club`, `role`) VALUES (225496, 'Philip', 'Yang', 'M', 4, 3.32, 'FFA', 'member');
INSERT INTO `csc4402db`.`students` (`sid`, `fname`, `lname`, `sex`, `year`, `GPA`, `club`, `role`) VALUES (225497, 'Alistair', 'Yates', 'M', 2, 2.96, 'National Honors Society', 'member');
INSERT INTO `csc4402db`.`students` (`sid`, `fname`, `lname`, `sex`, `year`, `GPA`, `club`, `role`) VALUES (225498, 'Donald', 'Young', 'M', 4, 2.93, 'Student Government', 'member');
INSERT INTO `csc4402db`.`students` (`sid`, `fname`, `lname`, `sex`, `year`, `GPA`, `club`, `role`) VALUES (225499, 'Charles', 'Zimmerman', 'M', 1, 2.24, 'Band', 'member');

COMMIT;


-- -----------------------------------------------------
-- Data for table `csc4402db`.`sports`
-- -----------------------------------------------------
START TRANSACTION;
USE `csc4402db`;
INSERT INTO `csc4402db`.`sports` (`sport`, `sex`, `budget`, `head_coach`) VALUES ('Baseball', 'M', 11084.59, 1007);
INSERT INTO `csc4402db`.`sports` (`sport`, `sex`, `budget`, `head_coach`) VALUES ('Basketball', 'M', 7852.83, 1037);
INSERT INTO `csc4402db`.`sports` (`sport`, `sex`, `budget`, `head_coach`) VALUES ('Basketball', 'F', 13820.47, 1049);
INSERT INTO `csc4402db`.`sports` (`sport`, `sex`, `budget`, `head_coach`) VALUES ('Bowling', 'M', 5236.38, 1046);
INSERT INTO `csc4402db`.`sports` (`sport`, `sex`, `budget`, `head_coach`) VALUES ('Bowling', 'F', 19597.69, 1061);
INSERT INTO `csc4402db`.`sports` (`sport`, `sex`, `budget`, `head_coach`) VALUES ('Cheerleading', 'F', 10253.01, 1040);
INSERT INTO `csc4402db`.`sports` (`sport`, `sex`, `budget`, `head_coach`) VALUES ('Cross Country', 'M', 15685.97, 1028);
INSERT INTO `csc4402db`.`sports` (`sport`, `sex`, `budget`, `head_coach`) VALUES ('Cross Country', 'F', 17969.7, 1067);
INSERT INTO `csc4402db`.`sports` (`sport`, `sex`, `budget`, `head_coach`) VALUES ('Dance', 'F', 17260.43, 1031);
INSERT INTO `csc4402db`.`sports` (`sport`, `sex`, `budget`, `head_coach`) VALUES ('Football', 'M', 6745.3, 1076);
INSERT INTO `csc4402db`.`sports` (`sport`, `sex`, `budget`, `head_coach`) VALUES ('Golf', 'M', 16468.96, 1034);
INSERT INTO `csc4402db`.`sports` (`sport`, `sex`, `budget`, `head_coach`) VALUES ('Golf', 'F', 10316.81, 1022);
INSERT INTO `csc4402db`.`sports` (`sport`, `sex`, `budget`, `head_coach`) VALUES ('Gymnastics', 'M', 8797.82, 1019);
INSERT INTO `csc4402db`.`sports` (`sport`, `sex`, `budget`, `head_coach`) VALUES ('Gymnastics', 'F', 8641.24, 1010);
INSERT INTO `csc4402db`.`sports` (`sport`, `sex`, `budget`, `head_coach`) VALUES ('Soccer', 'M', 8496.58, 1058);
INSERT INTO `csc4402db`.`sports` (`sport`, `sex`, `budget`, `head_coach`) VALUES ('Soccer', 'F', 12682.55, 1013);
INSERT INTO `csc4402db`.`sports` (`sport`, `sex`, `budget`, `head_coach`) VALUES ('Softball', 'F', 8492.72, 1082);
INSERT INTO `csc4402db`.`sports` (`sport`, `sex`, `budget`, `head_coach`) VALUES ('Swim', 'M', 13583.91, 1052);
INSERT INTO `csc4402db`.`sports` (`sport`, `sex`, `budget`, `head_coach`) VALUES ('Swim', 'F', 18432.65, 1025);
INSERT INTO `csc4402db`.`sports` (`sport`, `sex`, `budget`, `head_coach`) VALUES ('Tennis', 'M', 7862.04, 1064);
INSERT INTO `csc4402db`.`sports` (`sport`, `sex`, `budget`, `head_coach`) VALUES ('Tennis', 'F', 16347.42, 1016);
INSERT INTO `csc4402db`.`sports` (`sport`, `sex`, `budget`, `head_coach`) VALUES ('Track', 'M', 12713.36, 1043);
INSERT INTO `csc4402db`.`sports` (`sport`, `sex`, `budget`, `head_coach`) VALUES ('Track', 'F', 14270.04, 1079);
INSERT INTO `csc4402db`.`sports` (`sport`, `sex`, `budget`, `head_coach`) VALUES ('Volleyball', 'F', 16890.67, 1073);
INSERT INTO `csc4402db`.`sports` (`sport`, `sex`, `budget`, `head_coach`) VALUES ('Wrestling', 'M', 17334.66, 1055);
INSERT INTO `csc4402db`.`sports` (`sport`, `sex`, `budget`, `head_coach`) VALUES ('Wrestling', 'F', 19486.81, 1070);

COMMIT;


-- -----------------------------------------------------
-- Data for table `csc4402db`.`players`
-- -----------------------------------------------------
START TRANSACTION;
USE `csc4402db`;
INSERT INTO `csc4402db`.`players` (`sid`, `sport`, `sex`) VALUES (225000, 'Swim', 'F');
INSERT INTO `csc4402db`.`players` (`sid`, `sport`, `sex`) VALUES (225001, 'Swim', 'F');
INSERT INTO `csc4402db`.`players` (`sid`, `sport`, `sex`) VALUES (225005, 'Swim', 'F');
INSERT INTO `csc4402db`.`players` (`sid`, `sport`, `sex`) VALUES (225006, 'Swim', 'F');
INSERT INTO `csc4402db`.`players` (`sid`, `sport`, `sex`) VALUES (225009, 'Swim', 'F');
INSERT INTO `csc4402db`.`players` (`sid`, `sport`, `sex`) VALUES (225017, 'Swim', 'F');
INSERT INTO `csc4402db`.`players` (`sid`, `sport`, `sex`) VALUES (225034, 'Swim', 'M');
INSERT INTO `csc4402db`.`players` (`sid`, `sport`, `sex`) VALUES (225035, 'Swim', 'M');
INSERT INTO `csc4402db`.`players` (`sid`, `sport`, `sex`) VALUES (225037, 'Swim', 'M');
INSERT INTO `csc4402db`.`players` (`sid`, `sport`, `sex`) VALUES (225039, 'Swim', 'M');
INSERT INTO `csc4402db`.`players` (`sid`, `sport`, `sex`) VALUES (225040, 'Cheerleading', 'F');
INSERT INTO `csc4402db`.`players` (`sid`, `sport`, `sex`) VALUES (225040, 'Swim', 'F');
INSERT INTO `csc4402db`.`players` (`sid`, `sport`, `sex`) VALUES (225041, 'Swim', 'M');
INSERT INTO `csc4402db`.`players` (`sid`, `sport`, `sex`) VALUES (225042, 'Swim', 'M');
INSERT INTO `csc4402db`.`players` (`sid`, `sport`, `sex`) VALUES (225043, 'Cheerleading', 'F');
INSERT INTO `csc4402db`.`players` (`sid`, `sport`, `sex`) VALUES (225043, 'Swim', 'F');
INSERT INTO `csc4402db`.`players` (`sid`, `sport`, `sex`) VALUES (225044, 'Swim', 'M');
INSERT INTO `csc4402db`.`players` (`sid`, `sport`, `sex`) VALUES (225045, 'Cheerleading', 'F');
INSERT INTO `csc4402db`.`players` (`sid`, `sport`, `sex`) VALUES (225045, 'Cross Country', 'F');
INSERT INTO `csc4402db`.`players` (`sid`, `sport`, `sex`) VALUES (225045, 'Swim', 'F');
INSERT INTO `csc4402db`.`players` (`sid`, `sport`, `sex`) VALUES (225046, 'Swim', 'M');
INSERT INTO `csc4402db`.`players` (`sid`, `sport`, `sex`) VALUES (225047, 'Cheerleading', 'F');
INSERT INTO `csc4402db`.`players` (`sid`, `sport`, `sex`) VALUES (225047, 'Cross Country', 'F');
INSERT INTO `csc4402db`.`players` (`sid`, `sport`, `sex`) VALUES (225047, 'Swim', 'F');
INSERT INTO `csc4402db`.`players` (`sid`, `sport`, `sex`) VALUES (225048, 'Swim', 'M');
INSERT INTO `csc4402db`.`players` (`sid`, `sport`, `sex`) VALUES (225049, 'Cheerleading', 'F');
INSERT INTO `csc4402db`.`players` (`sid`, `sport`, `sex`) VALUES (225049, 'Cross Country', 'F');
INSERT INTO `csc4402db`.`players` (`sid`, `sport`, `sex`) VALUES (225049, 'Swim', 'F');
INSERT INTO `csc4402db`.`players` (`sid`, `sport`, `sex`) VALUES (225054, 'Cheerleading', 'F');
INSERT INTO `csc4402db`.`players` (`sid`, `sport`, `sex`) VALUES (225054, 'Cross Country', 'F');
INSERT INTO `csc4402db`.`players` (`sid`, `sport`, `sex`) VALUES (225057, 'Cheerleading', 'F');
INSERT INTO `csc4402db`.`players` (`sid`, `sport`, `sex`) VALUES (225057, 'Cross Country', 'F');
INSERT INTO `csc4402db`.`players` (`sid`, `sport`, `sex`) VALUES (225058, 'Cheerleading', 'F');
INSERT INTO `csc4402db`.`players` (`sid`, `sport`, `sex`) VALUES (225058, 'Cross Country', 'F');
INSERT INTO `csc4402db`.`players` (`sid`, `sport`, `sex`) VALUES (225061, 'Cheerleading', 'F');
INSERT INTO `csc4402db`.`players` (`sid`, `sport`, `sex`) VALUES (225061, 'Cross Country', 'F');
INSERT INTO `csc4402db`.`players` (`sid`, `sport`, `sex`) VALUES (225063, 'Cheerleading', 'F');
INSERT INTO `csc4402db`.`players` (`sid`, `sport`, `sex`) VALUES (225063, 'Cross Country', 'F');
INSERT INTO `csc4402db`.`players` (`sid`, `sport`, `sex`) VALUES (225065, 'Swim', 'F');
INSERT INTO `csc4402db`.`players` (`sid`, `sport`, `sex`) VALUES (225066, 'Swim', 'F');
INSERT INTO `csc4402db`.`players` (`sid`, `sport`, `sex`) VALUES (225067, 'Tennis', 'F');
INSERT INTO `csc4402db`.`players` (`sid`, `sport`, `sex`) VALUES (225074, 'Tennis', 'F');
INSERT INTO `csc4402db`.`players` (`sid`, `sport`, `sex`) VALUES (225075, 'Swim', 'M');
INSERT INTO `csc4402db`.`players` (`sid`, `sport`, `sex`) VALUES (225076, 'Swim', 'M');
INSERT INTO `csc4402db`.`players` (`sid`, `sport`, `sex`) VALUES (225077, 'Tennis', 'F');
INSERT INTO `csc4402db`.`players` (`sid`, `sport`, `sex`) VALUES (225083, 'Swim', 'M');
INSERT INTO `csc4402db`.`players` (`sid`, `sport`, `sex`) VALUES (225084, 'Swim', 'M');
INSERT INTO `csc4402db`.`players` (`sid`, `sport`, `sex`) VALUES (225088, 'Tennis', 'M');
INSERT INTO `csc4402db`.`players` (`sid`, `sport`, `sex`) VALUES (225100, 'Tennis', 'F');
INSERT INTO `csc4402db`.`players` (`sid`, `sport`, `sex`) VALUES (225101, 'Tennis', 'F');
INSERT INTO `csc4402db`.`players` (`sid`, `sport`, `sex`) VALUES (225105, 'Tennis', 'F');
INSERT INTO `csc4402db`.`players` (`sid`, `sport`, `sex`) VALUES (225107, 'Tennis', 'F');
INSERT INTO `csc4402db`.`players` (`sid`, `sport`, `sex`) VALUES (225108, 'Tennis', 'F');
INSERT INTO `csc4402db`.`players` (`sid`, `sport`, `sex`) VALUES (225109, 'Tennis', 'F');
INSERT INTO `csc4402db`.`players` (`sid`, `sport`, `sex`) VALUES (225110, 'Tennis', 'F');
INSERT INTO `csc4402db`.`players` (`sid`, `sport`, `sex`) VALUES (225131, 'Cross Country', 'F');
INSERT INTO `csc4402db`.`players` (`sid`, `sport`, `sex`) VALUES (225143, 'Cross Country', 'F');
INSERT INTO `csc4402db`.`players` (`sid`, `sport`, `sex`) VALUES (225143, 'Tennis', 'F');
INSERT INTO `csc4402db`.`players` (`sid`, `sport`, `sex`) VALUES (225146, 'Cross Country', 'F');
INSERT INTO `csc4402db`.`players` (`sid`, `sport`, `sex`) VALUES (225146, 'Tennis', 'F');
INSERT INTO `csc4402db`.`players` (`sid`, `sport`, `sex`) VALUES (225147, 'Tennis', 'F');
INSERT INTO `csc4402db`.`players` (`sid`, `sport`, `sex`) VALUES (225148, 'Tennis', 'F');
INSERT INTO `csc4402db`.`players` (`sid`, `sport`, `sex`) VALUES (225150, 'Golf', 'M');
INSERT INTO `csc4402db`.`players` (`sid`, `sport`, `sex`) VALUES (225151, 'Tennis', 'F');
INSERT INTO `csc4402db`.`players` (`sid`, `sport`, `sex`) VALUES (225152, 'Golf', 'M');
INSERT INTO `csc4402db`.`players` (`sid`, `sport`, `sex`) VALUES (225153, 'Basketball', 'F');
INSERT INTO `csc4402db`.`players` (`sid`, `sport`, `sex`) VALUES (225153, 'Bowling', 'F');
INSERT INTO `csc4402db`.`players` (`sid`, `sport`, `sex`) VALUES (225153, 'Dance', 'F');
INSERT INTO `csc4402db`.`players` (`sid`, `sport`, `sex`) VALUES (225154, 'Dance', 'F');
INSERT INTO `csc4402db`.`players` (`sid`, `sport`, `sex`) VALUES (225155, 'Golf', 'M');
INSERT INTO `csc4402db`.`players` (`sid`, `sport`, `sex`) VALUES (225156, 'Dance', 'F');
INSERT INTO `csc4402db`.`players` (`sid`, `sport`, `sex`) VALUES (225157, 'Golf', 'M');
INSERT INTO `csc4402db`.`players` (`sid`, `sport`, `sex`) VALUES (225158, 'Basketball', 'F');
INSERT INTO `csc4402db`.`players` (`sid`, `sport`, `sex`) VALUES (225158, 'Dance', 'F');
INSERT INTO `csc4402db`.`players` (`sid`, `sport`, `sex`) VALUES (225159, 'Golf', 'M');
INSERT INTO `csc4402db`.`players` (`sid`, `sport`, `sex`) VALUES (225159, 'Tennis', 'M');
INSERT INTO `csc4402db`.`players` (`sid`, `sport`, `sex`) VALUES (225160, 'Basketball', 'F');
INSERT INTO `csc4402db`.`players` (`sid`, `sport`, `sex`) VALUES (225160, 'Dance', 'F');
INSERT INTO `csc4402db`.`players` (`sid`, `sport`, `sex`) VALUES (225161, 'Basketball', 'F');
INSERT INTO `csc4402db`.`players` (`sid`, `sport`, `sex`) VALUES (225161, 'Cheerleading', 'F');
INSERT INTO `csc4402db`.`players` (`sid`, `sport`, `sex`) VALUES (225161, 'Cross Country', 'F');
INSERT INTO `csc4402db`.`players` (`sid`, `sport`, `sex`) VALUES (225161, 'Dance', 'F');
INSERT INTO `csc4402db`.`players` (`sid`, `sport`, `sex`) VALUES (225162, 'Golf', 'M');
INSERT INTO `csc4402db`.`players` (`sid`, `sport`, `sex`) VALUES (225162, 'Tennis', 'M');
INSERT INTO `csc4402db`.`players` (`sid`, `sport`, `sex`) VALUES (225163, 'Baseball', 'M');
INSERT INTO `csc4402db`.`players` (`sid`, `sport`, `sex`) VALUES (225163, 'Golf', 'M');
INSERT INTO `csc4402db`.`players` (`sid`, `sport`, `sex`) VALUES (225163, 'Tennis', 'M');
INSERT INTO `csc4402db`.`players` (`sid`, `sport`, `sex`) VALUES (225164, 'Basketball', 'F');
INSERT INTO `csc4402db`.`players` (`sid`, `sport`, `sex`) VALUES (225164, 'Cross Country', 'F');
INSERT INTO `csc4402db`.`players` (`sid`, `sport`, `sex`) VALUES (225164, 'Dance', 'F');
INSERT INTO `csc4402db`.`players` (`sid`, `sport`, `sex`) VALUES (225165, 'Basketball', 'F');
INSERT INTO `csc4402db`.`players` (`sid`, `sport`, `sex`) VALUES (225165, 'Dance', 'F');
INSERT INTO `csc4402db`.`players` (`sid`, `sport`, `sex`) VALUES (225166, 'Cheerleading', 'F');
INSERT INTO `csc4402db`.`players` (`sid`, `sport`, `sex`) VALUES (225166, 'Dance', 'F');
INSERT INTO `csc4402db`.`players` (`sid`, `sport`, `sex`) VALUES (225167, 'Basketball', 'F');
INSERT INTO `csc4402db`.`players` (`sid`, `sport`, `sex`) VALUES (225167, 'Cheerleading', 'F');
INSERT INTO `csc4402db`.`players` (`sid`, `sport`, `sex`) VALUES (225167, 'Dance', 'F');
INSERT INTO `csc4402db`.`players` (`sid`, `sport`, `sex`) VALUES (225168, 'Basketball', 'F');
INSERT INTO `csc4402db`.`players` (`sid`, `sport`, `sex`) VALUES (225169, 'Baseball', 'M');
INSERT INTO `csc4402db`.`players` (`sid`, `sport`, `sex`) VALUES (225169, 'Tennis', 'M');
INSERT INTO `csc4402db`.`players` (`sid`, `sport`, `sex`) VALUES (225170, 'Baseball', 'M');
INSERT INTO `csc4402db`.`players` (`sid`, `sport`, `sex`) VALUES (225170, 'Tennis', 'M');
INSERT INTO `csc4402db`.`players` (`sid`, `sport`, `sex`) VALUES (225171, 'Basketball', 'F');
INSERT INTO `csc4402db`.`players` (`sid`, `sport`, `sex`) VALUES (225172, 'Baseball', 'M');
INSERT INTO `csc4402db`.`players` (`sid`, `sport`, `sex`) VALUES (225172, 'Tennis', 'M');
INSERT INTO `csc4402db`.`players` (`sid`, `sport`, `sex`) VALUES (225173, 'Basketball', 'F');
INSERT INTO `csc4402db`.`players` (`sid`, `sport`, `sex`) VALUES (225174, 'Basketball', 'F');
INSERT INTO `csc4402db`.`players` (`sid`, `sport`, `sex`) VALUES (225175, 'Basketball', 'F');
INSERT INTO `csc4402db`.`players` (`sid`, `sport`, `sex`) VALUES (225176, 'Baseball', 'M');
INSERT INTO `csc4402db`.`players` (`sid`, `sport`, `sex`) VALUES (225176, 'Tennis', 'M');
INSERT INTO `csc4402db`.`players` (`sid`, `sport`, `sex`) VALUES (225178, 'Basketball', 'F');
INSERT INTO `csc4402db`.`players` (`sid`, `sport`, `sex`) VALUES (225180, 'Track', 'F');
INSERT INTO `csc4402db`.`players` (`sid`, `sport`, `sex`) VALUES (225181, 'Track', 'F');
INSERT INTO `csc4402db`.`players` (`sid`, `sport`, `sex`) VALUES (225182, 'Baseball', 'M');
INSERT INTO `csc4402db`.`players` (`sid`, `sport`, `sex`) VALUES (225182, 'Wrestling', 'M');
INSERT INTO `csc4402db`.`players` (`sid`, `sport`, `sex`) VALUES (225183, 'Track', 'F');
INSERT INTO `csc4402db`.`players` (`sid`, `sport`, `sex`) VALUES (225184, 'Track', 'F');
INSERT INTO `csc4402db`.`players` (`sid`, `sport`, `sex`) VALUES (225185, 'Track', 'F');
INSERT INTO `csc4402db`.`players` (`sid`, `sport`, `sex`) VALUES (225186, 'Baseball', 'M');
INSERT INTO `csc4402db`.`players` (`sid`, `sport`, `sex`) VALUES (225186, 'Wrestling', 'M');
INSERT INTO `csc4402db`.`players` (`sid`, `sport`, `sex`) VALUES (225187, 'Wrestling', 'M');
INSERT INTO `csc4402db`.`players` (`sid`, `sport`, `sex`) VALUES (225188, 'Wrestling', 'M');
INSERT INTO `csc4402db`.`players` (`sid`, `sport`, `sex`) VALUES (225189, 'Wrestling', 'M');
INSERT INTO `csc4402db`.`players` (`sid`, `sport`, `sex`) VALUES (225190, 'Wrestling', 'M');
INSERT INTO `csc4402db`.`players` (`sid`, `sport`, `sex`) VALUES (225192, 'Track', 'F');
INSERT INTO `csc4402db`.`players` (`sid`, `sport`, `sex`) VALUES (225194, 'Football', 'M');
INSERT INTO `csc4402db`.`players` (`sid`, `sport`, `sex`) VALUES (225195, 'Track', 'F');
INSERT INTO `csc4402db`.`players` (`sid`, `sport`, `sex`) VALUES (225198, 'Football', 'M');
INSERT INTO `csc4402db`.`players` (`sid`, `sport`, `sex`) VALUES (225201, 'Football', 'M');
INSERT INTO `csc4402db`.`players` (`sid`, `sport`, `sex`) VALUES (225202, 'Football', 'M');
INSERT INTO `csc4402db`.`players` (`sid`, `sport`, `sex`) VALUES (225202, 'Golf', 'M');
INSERT INTO `csc4402db`.`players` (`sid`, `sport`, `sex`) VALUES (225206, 'Football', 'M');
INSERT INTO `csc4402db`.`players` (`sid`, `sport`, `sex`) VALUES (225206, 'Golf', 'M');
INSERT INTO `csc4402db`.`players` (`sid`, `sport`, `sex`) VALUES (225206, 'Tennis', 'M');
INSERT INTO `csc4402db`.`players` (`sid`, `sport`, `sex`) VALUES (225207, 'Track', 'F');
INSERT INTO `csc4402db`.`players` (`sid`, `sport`, `sex`) VALUES (225208, 'Football', 'M');
INSERT INTO `csc4402db`.`players` (`sid`, `sport`, `sex`) VALUES (225208, 'Golf', 'M');
INSERT INTO `csc4402db`.`players` (`sid`, `sport`, `sex`) VALUES (225208, 'Tennis', 'M');
INSERT INTO `csc4402db`.`players` (`sid`, `sport`, `sex`) VALUES (225210, 'Football', 'M');
INSERT INTO `csc4402db`.`players` (`sid`, `sport`, `sex`) VALUES (225210, 'Golf', 'M');
INSERT INTO `csc4402db`.`players` (`sid`, `sport`, `sex`) VALUES (225210, 'Tennis', 'M');
INSERT INTO `csc4402db`.`players` (`sid`, `sport`, `sex`) VALUES (225211, 'Football', 'M');
INSERT INTO `csc4402db`.`players` (`sid`, `sport`, `sex`) VALUES (225211, 'Tennis', 'M');
INSERT INTO `csc4402db`.`players` (`sid`, `sport`, `sex`) VALUES (225214, 'Gymnastics', 'F');
INSERT INTO `csc4402db`.`players` (`sid`, `sport`, `sex`) VALUES (225215, 'Gymnastics', 'F');
INSERT INTO `csc4402db`.`players` (`sid`, `sport`, `sex`) VALUES (225216, 'Gymnastics', 'F');
INSERT INTO `csc4402db`.`players` (`sid`, `sport`, `sex`) VALUES (225216, 'Track', 'F');
INSERT INTO `csc4402db`.`players` (`sid`, `sport`, `sex`) VALUES (225217, 'Gymnastics', 'F');
INSERT INTO `csc4402db`.`players` (`sid`, `sport`, `sex`) VALUES (225217, 'Track', 'F');
INSERT INTO `csc4402db`.`players` (`sid`, `sport`, `sex`) VALUES (225219, 'Gymnastics', 'F');
INSERT INTO `csc4402db`.`players` (`sid`, `sport`, `sex`) VALUES (225220, 'Track', 'M');
INSERT INTO `csc4402db`.`players` (`sid`, `sport`, `sex`) VALUES (225221, 'Basketball', 'M');
INSERT INTO `csc4402db`.`players` (`sid`, `sport`, `sex`) VALUES (225221, 'Track', 'M');
INSERT INTO `csc4402db`.`players` (`sid`, `sport`, `sex`) VALUES (225222, 'Gymnastics', 'F');
INSERT INTO `csc4402db`.`players` (`sid`, `sport`, `sex`) VALUES (225223, 'Basketball', 'M');
INSERT INTO `csc4402db`.`players` (`sid`, `sport`, `sex`) VALUES (225223, 'Bowling', 'M');
INSERT INTO `csc4402db`.`players` (`sid`, `sport`, `sex`) VALUES (225224, 'Basketball', 'M');
INSERT INTO `csc4402db`.`players` (`sid`, `sport`, `sex`) VALUES (225224, 'Bowling', 'M');
INSERT INTO `csc4402db`.`players` (`sid`, `sport`, `sex`) VALUES (225225, 'Baseball', 'M');
INSERT INTO `csc4402db`.`players` (`sid`, `sport`, `sex`) VALUES (225225, 'Basketball', 'M');
INSERT INTO `csc4402db`.`players` (`sid`, `sport`, `sex`) VALUES (225225, 'Bowling', 'M');
INSERT INTO `csc4402db`.`players` (`sid`, `sport`, `sex`) VALUES (225227, 'Baseball', 'M');
INSERT INTO `csc4402db`.`players` (`sid`, `sport`, `sex`) VALUES (225227, 'Basketball', 'M');
INSERT INTO `csc4402db`.`players` (`sid`, `sport`, `sex`) VALUES (225227, 'Bowling', 'M');
INSERT INTO `csc4402db`.`players` (`sid`, `sport`, `sex`) VALUES (225228, 'Baseball', 'M');
INSERT INTO `csc4402db`.`players` (`sid`, `sport`, `sex`) VALUES (225228, 'Basketball', 'M');
INSERT INTO `csc4402db`.`players` (`sid`, `sport`, `sex`) VALUES (225229, 'Baseball', 'M');
INSERT INTO `csc4402db`.`players` (`sid`, `sport`, `sex`) VALUES (225229, 'Basketball', 'M');
INSERT INTO `csc4402db`.`players` (`sid`, `sport`, `sex`) VALUES (225231, 'Track', 'F');
INSERT INTO `csc4402db`.`players` (`sid`, `sport`, `sex`) VALUES (225232, 'Track', 'F');
INSERT INTO `csc4402db`.`players` (`sid`, `sport`, `sex`) VALUES (225234, 'Basketball', 'M');
INSERT INTO `csc4402db`.`players` (`sid`, `sport`, `sex`) VALUES (225234, 'Cross Country', 'M');
INSERT INTO `csc4402db`.`players` (`sid`, `sport`, `sex`) VALUES (225234, 'Football', 'M');
INSERT INTO `csc4402db`.`players` (`sid`, `sport`, `sex`) VALUES (225235, 'Cross Country', 'M');
INSERT INTO `csc4402db`.`players` (`sid`, `sport`, `sex`) VALUES (225235, 'Football', 'M');
INSERT INTO `csc4402db`.`players` (`sid`, `sport`, `sex`) VALUES (225235, 'Golf', 'M');
INSERT INTO `csc4402db`.`players` (`sid`, `sport`, `sex`) VALUES (225236, 'Bowling', 'F');
INSERT INTO `csc4402db`.`players` (`sid`, `sport`, `sex`) VALUES (225237, 'Basketball', 'M');
INSERT INTO `csc4402db`.`players` (`sid`, `sport`, `sex`) VALUES (225237, 'Cross Country', 'M');
INSERT INTO `csc4402db`.`players` (`sid`, `sport`, `sex`) VALUES (225237, 'Football', 'M');
INSERT INTO `csc4402db`.`players` (`sid`, `sport`, `sex`) VALUES (225237, 'Gymnastics', 'M');
INSERT INTO `csc4402db`.`players` (`sid`, `sport`, `sex`) VALUES (225238, 'Basketball', 'M');
INSERT INTO `csc4402db`.`players` (`sid`, `sport`, `sex`) VALUES (225238, 'Cross Country', 'M');
INSERT INTO `csc4402db`.`players` (`sid`, `sport`, `sex`) VALUES (225238, 'Football', 'M');
INSERT INTO `csc4402db`.`players` (`sid`, `sport`, `sex`) VALUES (225238, 'Gymnastics', 'M');
INSERT INTO `csc4402db`.`players` (`sid`, `sport`, `sex`) VALUES (225239, 'Bowling', 'F');
INSERT INTO `csc4402db`.`players` (`sid`, `sport`, `sex`) VALUES (225240, 'Bowling', 'F');
INSERT INTO `csc4402db`.`players` (`sid`, `sport`, `sex`) VALUES (225241, 'Bowling', 'F');
INSERT INTO `csc4402db`.`players` (`sid`, `sport`, `sex`) VALUES (225242, 'Bowling', 'F');
INSERT INTO `csc4402db`.`players` (`sid`, `sport`, `sex`) VALUES (225242, 'Volleyball', 'F');
INSERT INTO `csc4402db`.`players` (`sid`, `sport`, `sex`) VALUES (225243, 'Bowling', 'F');
INSERT INTO `csc4402db`.`players` (`sid`, `sport`, `sex`) VALUES (225243, 'Volleyball', 'F');
INSERT INTO `csc4402db`.`players` (`sid`, `sport`, `sex`) VALUES (225244, 'Bowling', 'F');
INSERT INTO `csc4402db`.`players` (`sid`, `sport`, `sex`) VALUES (225244, 'Volleyball', 'F');
INSERT INTO `csc4402db`.`players` (`sid`, `sport`, `sex`) VALUES (225245, 'Volleyball', 'F');
INSERT INTO `csc4402db`.`players` (`sid`, `sport`, `sex`) VALUES (225246, 'Volleyball', 'F');
INSERT INTO `csc4402db`.`players` (`sid`, `sport`, `sex`) VALUES (225248, 'Basketball', 'M');
INSERT INTO `csc4402db`.`players` (`sid`, `sport`, `sex`) VALUES (225248, 'Football', 'M');
INSERT INTO `csc4402db`.`players` (`sid`, `sport`, `sex`) VALUES (225248, 'Gymnastics', 'M');
INSERT INTO `csc4402db`.`players` (`sid`, `sport`, `sex`) VALUES (225250, 'Gymnastics', 'M');
INSERT INTO `csc4402db`.`players` (`sid`, `sport`, `sex`) VALUES (225250, 'Track', 'M');
INSERT INTO `csc4402db`.`players` (`sid`, `sport`, `sex`) VALUES (225251, 'Track', 'M');
INSERT INTO `csc4402db`.`players` (`sid`, `sport`, `sex`) VALUES (225252, 'Track', 'M');
INSERT INTO `csc4402db`.`players` (`sid`, `sport`, `sex`) VALUES (225253, 'Track', 'M');
INSERT INTO `csc4402db`.`players` (`sid`, `sport`, `sex`) VALUES (225255, 'Track', 'M');
INSERT INTO `csc4402db`.`players` (`sid`, `sport`, `sex`) VALUES (225257, 'Track', 'M');
INSERT INTO `csc4402db`.`players` (`sid`, `sport`, `sex`) VALUES (225258, 'Bowling', 'F');
INSERT INTO `csc4402db`.`players` (`sid`, `sport`, `sex`) VALUES (225259, 'Volleyball', 'F');
INSERT INTO `csc4402db`.`players` (`sid`, `sport`, `sex`) VALUES (225260, 'Soccer', 'F');
INSERT INTO `csc4402db`.`players` (`sid`, `sport`, `sex`) VALUES (225260, 'Softball', 'F');
INSERT INTO `csc4402db`.`players` (`sid`, `sport`, `sex`) VALUES (225260, 'Volleyball', 'F');
INSERT INTO `csc4402db`.`players` (`sid`, `sport`, `sex`) VALUES (225261, 'Volleyball', 'F');
INSERT INTO `csc4402db`.`players` (`sid`, `sport`, `sex`) VALUES (225262, 'Track', 'M');
INSERT INTO `csc4402db`.`players` (`sid`, `sport`, `sex`) VALUES (225263, 'Volleyball', 'F');
INSERT INTO `csc4402db`.`players` (`sid`, `sport`, `sex`) VALUES (225265, 'Volleyball', 'F');
INSERT INTO `csc4402db`.`players` (`sid`, `sport`, `sex`) VALUES (225277, 'Gymnastics', 'M');
INSERT INTO `csc4402db`.`players` (`sid`, `sport`, `sex`) VALUES (225278, 'Gymnastics', 'M');
INSERT INTO `csc4402db`.`players` (`sid`, `sport`, `sex`) VALUES (225279, 'Gymnastics', 'F');
INSERT INTO `csc4402db`.`players` (`sid`, `sport`, `sex`) VALUES (225280, 'Football', 'M');
INSERT INTO `csc4402db`.`players` (`sid`, `sport`, `sex`) VALUES (225280, 'Gymnastics', 'M');
INSERT INTO `csc4402db`.`players` (`sid`, `sport`, `sex`) VALUES (225281, 'Football', 'M');
INSERT INTO `csc4402db`.`players` (`sid`, `sport`, `sex`) VALUES (225282, 'Football', 'M');
INSERT INTO `csc4402db`.`players` (`sid`, `sport`, `sex`) VALUES (225282, 'Track', 'M');
INSERT INTO `csc4402db`.`players` (`sid`, `sport`, `sex`) VALUES (225283, 'Football', 'M');
INSERT INTO `csc4402db`.`players` (`sid`, `sport`, `sex`) VALUES (225284, 'Gymnastics', 'F');
INSERT INTO `csc4402db`.`players` (`sid`, `sport`, `sex`) VALUES (225285, 'Football', 'M');
INSERT INTO `csc4402db`.`players` (`sid`, `sport`, `sex`) VALUES (225286, 'Gymnastics', 'F');
INSERT INTO `csc4402db`.`players` (`sid`, `sport`, `sex`) VALUES (225287, 'Football', 'M');
INSERT INTO `csc4402db`.`players` (`sid`, `sport`, `sex`) VALUES (225288, 'Gymnastics', 'F');
INSERT INTO `csc4402db`.`players` (`sid`, `sport`, `sex`) VALUES (225289, 'Gymnastics', 'F');
INSERT INTO `csc4402db`.`players` (`sid`, `sport`, `sex`) VALUES (225289, 'Softball', 'F');
INSERT INTO `csc4402db`.`players` (`sid`, `sport`, `sex`) VALUES (225290, 'Softball', 'F');
INSERT INTO `csc4402db`.`players` (`sid`, `sport`, `sex`) VALUES (225291, 'Football', 'M');
INSERT INTO `csc4402db`.`players` (`sid`, `sport`, `sex`) VALUES (225292, 'Softball', 'F');
INSERT INTO `csc4402db`.`players` (`sid`, `sport`, `sex`) VALUES (225293, 'Golf', 'F');
INSERT INTO `csc4402db`.`players` (`sid`, `sport`, `sex`) VALUES (225293, 'Softball', 'F');
INSERT INTO `csc4402db`.`players` (`sid`, `sport`, `sex`) VALUES (225294, 'Baseball', 'M');
INSERT INTO `csc4402db`.`players` (`sid`, `sport`, `sex`) VALUES (225294, 'Track', 'M');
INSERT INTO `csc4402db`.`players` (`sid`, `sport`, `sex`) VALUES (225295, 'Baseball', 'M');
INSERT INTO `csc4402db`.`players` (`sid`, `sport`, `sex`) VALUES (225296, 'Baseball', 'M');
INSERT INTO `csc4402db`.`players` (`sid`, `sport`, `sex`) VALUES (225296, 'Basketball', 'M');
INSERT INTO `csc4402db`.`players` (`sid`, `sport`, `sex`) VALUES (225297, 'Golf', 'F');
INSERT INTO `csc4402db`.`players` (`sid`, `sport`, `sex`) VALUES (225297, 'Softball', 'F');
INSERT INTO `csc4402db`.`players` (`sid`, `sport`, `sex`) VALUES (225298, 'Baseball', 'M');
INSERT INTO `csc4402db`.`players` (`sid`, `sport`, `sex`) VALUES (225299, 'Golf', 'F');
INSERT INTO `csc4402db`.`players` (`sid`, `sport`, `sex`) VALUES (225299, 'Softball', 'F');
INSERT INTO `csc4402db`.`players` (`sid`, `sport`, `sex`) VALUES (225300, 'Basketball', 'M');
INSERT INTO `csc4402db`.`players` (`sid`, `sport`, `sex`) VALUES (225301, 'Bowling', 'M');
INSERT INTO `csc4402db`.`players` (`sid`, `sport`, `sex`) VALUES (225302, 'Golf', 'F');
INSERT INTO `csc4402db`.`players` (`sid`, `sport`, `sex`) VALUES (225302, 'Softball', 'F');
INSERT INTO `csc4402db`.`players` (`sid`, `sport`, `sex`) VALUES (225303, 'Golf', 'F');
INSERT INTO `csc4402db`.`players` (`sid`, `sport`, `sex`) VALUES (225303, 'Softball', 'F');
INSERT INTO `csc4402db`.`players` (`sid`, `sport`, `sex`) VALUES (225303, 'Volleyball', 'F');
INSERT INTO `csc4402db`.`players` (`sid`, `sport`, `sex`) VALUES (225305, 'Golf', 'F');
INSERT INTO `csc4402db`.`players` (`sid`, `sport`, `sex`) VALUES (225305, 'Volleyball', 'F');
INSERT INTO `csc4402db`.`players` (`sid`, `sport`, `sex`) VALUES (225307, 'Bowling', 'M');
INSERT INTO `csc4402db`.`players` (`sid`, `sport`, `sex`) VALUES (225308, 'Volleyball', 'F');
INSERT INTO `csc4402db`.`players` (`sid`, `sport`, `sex`) VALUES (225310, 'Bowling', 'M');
INSERT INTO `csc4402db`.`players` (`sid`, `sport`, `sex`) VALUES (225310, 'Gymnastics', 'M');
INSERT INTO `csc4402db`.`players` (`sid`, `sport`, `sex`) VALUES (225310, 'Wrestling', 'M');
INSERT INTO `csc4402db`.`players` (`sid`, `sport`, `sex`) VALUES (225312, 'Bowling', 'M');
INSERT INTO `csc4402db`.`players` (`sid`, `sport`, `sex`) VALUES (225312, 'Gymnastics', 'M');
INSERT INTO `csc4402db`.`players` (`sid`, `sport`, `sex`) VALUES (225312, 'Wrestling', 'M');
INSERT INTO `csc4402db`.`players` (`sid`, `sport`, `sex`) VALUES (225313, 'Bowling', 'M');
INSERT INTO `csc4402db`.`players` (`sid`, `sport`, `sex`) VALUES (225313, 'Gymnastics', 'M');
INSERT INTO `csc4402db`.`players` (`sid`, `sport`, `sex`) VALUES (225314, 'Football', 'M');
INSERT INTO `csc4402db`.`players` (`sid`, `sport`, `sex`) VALUES (225317, 'Golf', 'F');
INSERT INTO `csc4402db`.`players` (`sid`, `sport`, `sex`) VALUES (225318, 'Football', 'M');
INSERT INTO `csc4402db`.`players` (`sid`, `sport`, `sex`) VALUES (225319, 'Golf', 'F');
INSERT INTO `csc4402db`.`players` (`sid`, `sport`, `sex`) VALUES (225320, 'Football', 'M');
INSERT INTO `csc4402db`.`players` (`sid`, `sport`, `sex`) VALUES (225322, 'Softball', 'F');
INSERT INTO `csc4402db`.`players` (`sid`, `sport`, `sex`) VALUES (225323, 'Softball', 'F');
INSERT INTO `csc4402db`.`players` (`sid`, `sport`, `sex`) VALUES (225324, 'Football', 'M');
INSERT INTO `csc4402db`.`players` (`sid`, `sport`, `sex`) VALUES (225325, 'Softball', 'F');
INSERT INTO `csc4402db`.`players` (`sid`, `sport`, `sex`) VALUES (225325, 'Wrestling', 'F');
INSERT INTO `csc4402db`.`players` (`sid`, `sport`, `sex`) VALUES (225326, 'Football', 'M');
INSERT INTO `csc4402db`.`players` (`sid`, `sport`, `sex`) VALUES (225327, 'Softball', 'F');
INSERT INTO `csc4402db`.`players` (`sid`, `sport`, `sex`) VALUES (225328, 'Gymnastics', 'F');
INSERT INTO `csc4402db`.`players` (`sid`, `sport`, `sex`) VALUES (225328, 'Softball', 'F');
INSERT INTO `csc4402db`.`players` (`sid`, `sport`, `sex`) VALUES (225329, 'Football', 'M');
INSERT INTO `csc4402db`.`players` (`sid`, `sport`, `sex`) VALUES (225330, 'Gymnastics', 'F');
INSERT INTO `csc4402db`.`players` (`sid`, `sport`, `sex`) VALUES (225330, 'Softball', 'F');
INSERT INTO `csc4402db`.`players` (`sid`, `sport`, `sex`) VALUES (225331, 'Football', 'M');
INSERT INTO `csc4402db`.`players` (`sid`, `sport`, `sex`) VALUES (225332, 'Football', 'M');
INSERT INTO `csc4402db`.`players` (`sid`, `sport`, `sex`) VALUES (225334, 'Soccer', 'M');
INSERT INTO `csc4402db`.`players` (`sid`, `sport`, `sex`) VALUES (225335, 'Gymnastics', 'F');
INSERT INTO `csc4402db`.`players` (`sid`, `sport`, `sex`) VALUES (225336, 'Soccer', 'M');
INSERT INTO `csc4402db`.`players` (`sid`, `sport`, `sex`) VALUES (225337, 'Soccer', 'M');
INSERT INTO `csc4402db`.`players` (`sid`, `sport`, `sex`) VALUES (225338, 'Soccer', 'M');
INSERT INTO `csc4402db`.`players` (`sid`, `sport`, `sex`) VALUES (225339, 'Soccer', 'F');
INSERT INTO `csc4402db`.`players` (`sid`, `sport`, `sex`) VALUES (225340, 'Soccer', 'F');
INSERT INTO `csc4402db`.`players` (`sid`, `sport`, `sex`) VALUES (225342, 'Golf', 'F');
INSERT INTO `csc4402db`.`players` (`sid`, `sport`, `sex`) VALUES (225343, 'Golf', 'F');
INSERT INTO `csc4402db`.`players` (`sid`, `sport`, `sex`) VALUES (225345, 'Soccer', 'M');
INSERT INTO `csc4402db`.`players` (`sid`, `sport`, `sex`) VALUES (225351, 'Soccer', 'M');
INSERT INTO `csc4402db`.`players` (`sid`, `sport`, `sex`) VALUES (225355, 'Football', 'M');
INSERT INTO `csc4402db`.`players` (`sid`, `sport`, `sex`) VALUES (225355, 'Soccer', 'M');
INSERT INTO `csc4402db`.`players` (`sid`, `sport`, `sex`) VALUES (225356, 'Football', 'M');
INSERT INTO `csc4402db`.`players` (`sid`, `sport`, `sex`) VALUES (225356, 'Soccer', 'M');
INSERT INTO `csc4402db`.`players` (`sid`, `sport`, `sex`) VALUES (225357, 'Football', 'M');
INSERT INTO `csc4402db`.`players` (`sid`, `sport`, `sex`) VALUES (225357, 'Soccer', 'M');
INSERT INTO `csc4402db`.`players` (`sid`, `sport`, `sex`) VALUES (225360, 'Football', 'M');
INSERT INTO `csc4402db`.`players` (`sid`, `sport`, `sex`) VALUES (225360, 'Soccer', 'M');
INSERT INTO `csc4402db`.`players` (`sid`, `sport`, `sex`) VALUES (225361, 'Football', 'M');
INSERT INTO `csc4402db`.`players` (`sid`, `sport`, `sex`) VALUES (225361, 'Soccer', 'M');
INSERT INTO `csc4402db`.`players` (`sid`, `sport`, `sex`) VALUES (225362, 'Football', 'M');
INSERT INTO `csc4402db`.`players` (`sid`, `sport`, `sex`) VALUES (225362, 'Soccer', 'M');
INSERT INTO `csc4402db`.`players` (`sid`, `sport`, `sex`) VALUES (225364, 'Football', 'M');
INSERT INTO `csc4402db`.`players` (`sid`, `sport`, `sex`) VALUES (225365, 'Football', 'M');
INSERT INTO `csc4402db`.`players` (`sid`, `sport`, `sex`) VALUES (225366, 'Wrestling', 'F');
INSERT INTO `csc4402db`.`players` (`sid`, `sport`, `sex`) VALUES (225367, 'Football', 'M');
INSERT INTO `csc4402db`.`players` (`sid`, `sport`, `sex`) VALUES (225368, 'Wrestling', 'F');
INSERT INTO `csc4402db`.`players` (`sid`, `sport`, `sex`) VALUES (225369, 'Wrestling', 'F');
INSERT INTO `csc4402db`.`players` (`sid`, `sport`, `sex`) VALUES (225370, 'Football', 'M');
INSERT INTO `csc4402db`.`players` (`sid`, `sport`, `sex`) VALUES (225371, 'Wrestling', 'F');
INSERT INTO `csc4402db`.`players` (`sid`, `sport`, `sex`) VALUES (225372, 'Wrestling', 'F');
INSERT INTO `csc4402db`.`players` (`sid`, `sport`, `sex`) VALUES (225373, 'Bowling', 'M');
INSERT INTO `csc4402db`.`players` (`sid`, `sport`, `sex`) VALUES (225374, 'Wrestling', 'F');
INSERT INTO `csc4402db`.`players` (`sid`, `sport`, `sex`) VALUES (225375, 'Bowling', 'M');
INSERT INTO `csc4402db`.`players` (`sid`, `sport`, `sex`) VALUES (225376, 'Bowling', 'M');
INSERT INTO `csc4402db`.`players` (`sid`, `sport`, `sex`) VALUES (225378, 'Football', 'M');
INSERT INTO `csc4402db`.`players` (`sid`, `sport`, `sex`) VALUES (225378, 'Soccer', 'M');
INSERT INTO `csc4402db`.`players` (`sid`, `sport`, `sex`) VALUES (225381, 'Football', 'M');
INSERT INTO `csc4402db`.`players` (`sid`, `sport`, `sex`) VALUES (225381, 'Soccer', 'M');
INSERT INTO `csc4402db`.`players` (`sid`, `sport`, `sex`) VALUES (225382, 'Football', 'M');
INSERT INTO `csc4402db`.`players` (`sid`, `sport`, `sex`) VALUES (225382, 'Soccer', 'M');
INSERT INTO `csc4402db`.`players` (`sid`, `sport`, `sex`) VALUES (225384, 'Soccer', 'F');
INSERT INTO `csc4402db`.`players` (`sid`, `sport`, `sex`) VALUES (225385, 'Soccer', 'F');
INSERT INTO `csc4402db`.`players` (`sid`, `sport`, `sex`) VALUES (225386, 'Football', 'M');
INSERT INTO `csc4402db`.`players` (`sid`, `sport`, `sex`) VALUES (225387, 'Football', 'M');
INSERT INTO `csc4402db`.`players` (`sid`, `sport`, `sex`) VALUES (225388, 'Soccer', 'F');
INSERT INTO `csc4402db`.`players` (`sid`, `sport`, `sex`) VALUES (225389, 'Soccer', 'F');
INSERT INTO `csc4402db`.`players` (`sid`, `sport`, `sex`) VALUES (225390, 'Soccer', 'F');
INSERT INTO `csc4402db`.`players` (`sid`, `sport`, `sex`) VALUES (225392, 'Soccer', 'F');
INSERT INTO `csc4402db`.`players` (`sid`, `sport`, `sex`) VALUES (225409, 'Wrestling', 'F');
INSERT INTO `csc4402db`.`players` (`sid`, `sport`, `sex`) VALUES (225412, 'Football', 'M');
INSERT INTO `csc4402db`.`players` (`sid`, `sport`, `sex`) VALUES (225413, 'Football', 'M');
INSERT INTO `csc4402db`.`players` (`sid`, `sport`, `sex`) VALUES (225419, 'Cross Country', 'M');
INSERT INTO `csc4402db`.`players` (`sid`, `sport`, `sex`) VALUES (225421, 'Cross Country', 'M');
INSERT INTO `csc4402db`.`players` (`sid`, `sport`, `sex`) VALUES (225423, 'Cross Country', 'M');
INSERT INTO `csc4402db`.`players` (`sid`, `sport`, `sex`) VALUES (225424, 'Cross Country', 'M');
INSERT INTO `csc4402db`.`players` (`sid`, `sport`, `sex`) VALUES (225425, 'Cross Country', 'M');
INSERT INTO `csc4402db`.`players` (`sid`, `sport`, `sex`) VALUES (225445, 'Soccer', 'F');
INSERT INTO `csc4402db`.`players` (`sid`, `sport`, `sex`) VALUES (225446, 'Soccer', 'F');
INSERT INTO `csc4402db`.`players` (`sid`, `sport`, `sex`) VALUES (225448, 'Soccer', 'F');
INSERT INTO `csc4402db`.`players` (`sid`, `sport`, `sex`) VALUES (225450, 'Soccer', 'F');
INSERT INTO `csc4402db`.`players` (`sid`, `sport`, `sex`) VALUES (225455, 'Soccer', 'F');
INSERT INTO `csc4402db`.`players` (`sid`, `sport`, `sex`) VALUES (225464, 'Soccer', 'F');

COMMIT;

